"index","GCM","SSP","RUN","PERIOD","BAFAun","BAFAunp","BGmk_MT","BGxh1","BGxh2","BGxh3","BGxw1","BGxw2","BWBScmC","BWBSdk","BWBSdmN","BWBSlbW","BWBSmk","BWBSmw","BWBSwk1","BWBSwk2","BWBSwk3","CDFmm","CDFmm_WA","CMAun","CMAun_WA","CMAunp","CWHdm","CWHdm_WA","CWHds1","CWHds2","CWHmh_OR","CWHmm1","CWHmm2","CWHms1","CWHms2","CWHvh_WA","CWHvh1","CWHvh2","CWHvh3","CWHvm_WA","CWHvm1","CWHvm2","CWHwh_WA","CWHwh1","CWHwh2","CWHwm","CWHws1","CWHws2","CWHxm1","CWHxm2","ESSFabC","ESSFabN","ESSFabS","ESSFdc1","ESSFdc2","ESSFdcw","ESSFdh1","ESSFdh2","ESSFdk_MT","ESSFdk1","ESSFdk2","ESSFdkp","ESSFdkw","ESSFdv1","ESSFdv2","ESSFdvp","ESSFdvw","ESSFmc","ESSFmcp","ESSFmcw","ESSFmh","ESSFmk","ESSFmkp","ESSFmkw","ESSFmm1","ESSFmm2","ESSFmm3","ESSFmmp","ESSFmmw","ESSFmv1","ESSFmv2","ESSFmv3","ESSFmv4","ESSFmvp","ESSFmw","ESSFmw_WA","ESSFmw1","ESSFmw2","ESSFmwp","ESSFmww","ESSFunp","ESSFvc","ESSFvcp","ESSFvcw","ESSFwc2","ESSFwc3","ESSFwc4","ESSFwcp","ESSFwcw","ESSFwh1","ESSFwh2","ESSFwh3","ESSFwk1","ESSFwk2","ESSFwm_MT","ESSFwm1","ESSFwm2","ESSFwm3","ESSFwm4","ESSFwmp","ESSFwmw","ESSFwv","ESSFwvp","ESSFwvw","ESSFxc_CO","ESSFxc_WA","ESSFxc1","ESSFxc2","ESSFxc3","ESSFxcp","ESSFxcw","ESSFxh_WA","ESSFxk_UT","ESSFxv1","ESSFxv2","ESSFxvp","ICHdk","ICHdm","ICHdw_ID","ICHdw1","ICHdw3","ICHdw4","ICHmc1","ICHmc2","ICHmk1","ICHmk2","ICHmk3","ICHmk4","ICHmk5","ICHmm","ICHmw1","ICHmw2","ICHmw3","ICHmw4","ICHmw5","ICHvc","ICHvk1","ICHvk2","ICHwc","ICHwk1","ICHwk2","ICHwk3","ICHwk4","ICHxm1","ICHxw","ICHxw_WA","ICHxwa","IDFdc","IDFdh","IDFdh_UT","IDFdh_WA","IDFdk_WA","IDFdk1","IDFdk2","IDFdk3","IDFdk4","IDFdk5","IDFdm_MT","IDFdm_WA","IDFdm1","IDFdm2","IDFdw","IDFmw2","IDFww","IDFww1","IDFxc","IDFxh1","IDFxh2","IDFxk","IDFxm","IDFxw","IDFxx1","IDFxx2","IMAab","IMAun","IMAun_MT","IMAun_WA","IMAun_WY","IMAunp","MHmm_WA","MHmm1","MHmm2","MHmmp","MHunp","MHwh","MHwh1","MHwhp","MSabN","MSdc1","MSdc2","MSdc3","MSdk","MSdm_WA","MSdm1","MSdm2","MSdv","MSdw","MSdw_MT","MSxk_WA","MSxk1","MSxk2","MSxk3","MSxv","PPxh1","PPxh2","SBAPfp","SBPSdc","SBPSmc","SBPSmk","SBPSxc","SBSdh1","SBSdh2","SBSdk","SBSdw1","SBSdw2","SBSdw3","SBSmc1","SBSmc2","SBSmc3","SBSmh","SBSmk1","SBSmk2","SBSmm","SBSmw","SBSvk","SBSwk1","SBSwk2","SBSwk3","SBSwk3a","SWBmk","SWBmks","SWBun","SWBuns","SWBvks"
1,"obs","obs",NA,"1961_1990",14170,462,2,45,118,60,124,106,1,8194,9,8,23958,6578,774,808,532,741,39,3526,10,4060,1107,11,442,166,1,225,527,1044,188,32,1202,3714,1193,40,4986,3807,21,1165,100,925,521,1357,968,1010,73,28,50,333,395,96,30,31,2,625,940,353,679,170,99,298,164,2162,400,750,351,333,139,89,723,72,326,1024,159,388,1366,3329,1655,881,267,5,293,222,60,103,1921,549,337,388,1396,2206,798,1812,1256,469,66,196,1258,1283,1,120,173,186,354,81,236,1417,446,388,6,16,179,135,81,18,46,2,4,713,212,455,67,338,22,771,255,260,1147,727,220,307,224,141,104,313,306,1033,629,202,468,503,377,293,306,1305,369,220,248,309,232,18,29,173,69,1,3,5,1065,639,2068,714,149,2,10,236,416,213,428,240,22,82,493,853,78,512,62,7,169,164,1915,17,6,1,154,26,3200,3908,2420,254,32,173,57,1,49,68,32,643,9,672,690,74,537,3,7,354,534,188,1886,293,322,3,870,659,871,2452,109,55,2238,916,1090,2084,130,5102,662,212,2985,823,208,454,946,1825,1318,980,87,10648,4314,3875,2758,482
2,"obs","obs",NA,"2001_2020",11082,355,2,40,108,44,81,36,1,7564,7,NA,21689,6513,552,598,146,646,16,2712,7,3167,508,10,335,128,1,70,344,773,133,28,947,3597,1116,32,3895,2578,13,1057,40,817,460,1107,586,758,39,6,17,134,52,23,6,9,1,301,606,196,349,74,43,146,49,1185,118,309,117,155,45,31,242,21,137,465,51,158,763,2625,957,360,202,4,152,116,7,16,1373,142,90,59,502,1216,271,1058,579,94,23,37,924,715,1,NA,71,59,78,24,73,1036,179,151,4,14,25,20,14,2,1,NA,4,491,144,231,NA,171,22,280,58,23,815,651,33,3,117,15,39,158,239,268,67,88,129,231,56,110,193,731,253,61,123,57,89,12,NA,97,1,NA,3,5,540,109,1640,447,43,2,2,6,199,196,96,213,15,47,242,551,32,365,46,NA,70,33,1404,15,6,1,67,8,2208,3032,1719,107,23,122,23,1,7,31,2,414,5,82,260,56,341,2,6,92,289,53,1096,241,240,NA,577,234,389,1463,61,24,1896,492,533,1018,51,3769,351,200,2172,251,55,200,432,1080,798,331,NA,8578,2731,3001,1542,193
3,"ACCESS-ESM1-5","ssp245","ensembleMean","2001_2020",4867,129,NA,20,83,28,34,13,1,6062,NA,NA,16059,3242,10,280,1,152,1,1890,4,2092,290,6,219,80,1,6,135,575,45,20,504,1825,743,19,3168,1347,2,470,16,707,321,730,186,337,NA,6,11,2,6,NA,NA,3,NA,235,236,5,19,9,7,12,3,229,3,28,5,3,2,NA,154,10,103,148,8,24,347,1128,801,18,62,5,53,13,4,6,597,303,50,32,306,113,83,84,52,19,10,32,129,189,NA,27,11,26,70,3,1,405,1,2,NA,7,NA,NA,NA,NA,NA,NA,NA,102,28,24,NA,111,13,264,102,77,843,556,11,NA,NA,82,22,95,214,460,207,107,57,155,210,1,102,785,33,16,16,85,100,2,1,82,NA,NA,3,1,181,114,507,77,90,NA,NA,6,161,85,172,206,7,33,184,376,15,237,19,NA,17,31,622,13,2,NA,18,2,613,1651,564,42,1,14,NA,NA,1,NA,NA,171,NA,1,137,NA,178,NA,NA,NA,8,3,99,151,160,NA,168,12,24,126,3,10,1263,132,151,949,NA,2274,33,131,2043,330,9,4,472,484,540,69,NA,2896,217,566,213,338
4,"ACCESS-ESM1-5","ssp245","r10i1p1f1","2001_2020",4428,64,NA,1,58,19,26,12,1,6058,NA,NA,14013,3180,NA,173,NA,60,NA,1854,4,1542,39,6,146,40,1,NA,80,355,6,20,184,1157,525,8,2712,1023,1,336,14,612,237,535,86,215,NA,NA,5,NA,2,NA,NA,NA,NA,175,119,NA,3,1,1,NA,NA,262,2,16,NA,NA,NA,NA,72,5,80,83,1,15,204,912,511,NA,38,5,3,NA,3,1,608,218,14,NA,141,6,3,11,4,2,4,1,26,53,NA,9,1,3,33,NA,NA,255,NA,1,NA,7,NA,NA,NA,NA,NA,NA,NA,46,13,2,NA,48,16,104,74,36,650,388,2,NA,NA,53,12,62,188,399,125,37,14,168,180,NA,75,737,8,6,NA,56,23,NA,NA,67,NA,NA,2,NA,78,26,171,37,64,NA,NA,NA,51,56,95,184,5,30,35,194,NA,81,13,NA,2,29,471,7,NA,NA,5,1,384,1452,421,38,1,11,NA,NA,NA,NA,NA,137,NA,NA,24,NA,88,NA,NA,NA,6,1,36,59,99,NA,7,NA,8,41,1,NA,278,51,67,125,NA,1163,NA,10,919,128,NA,NA,121,145,329,30,NA,1985,102,480,205,316
5,"ACCESS-ESM1-5","ssp245","r1i1p1f1","2001_2020",4842,101,1,5,63,20,27,15,1,6476,1,NA,16111,3045,7,359,2,93,NA,1864,4,1460,4,9,132,53,1,NA,98,341,12,20,212,1812,706,14,2569,1251,4,494,18,679,334,713,115,204,NA,1,9,NA,2,NA,NA,NA,NA,242,152,2,21,NA,NA,NA,NA,404,NA,22,2,7,2,NA,120,4,99,121,2,15,208,1212,874,15,58,5,7,NA,2,4,637,217,49,13,145,119,13,47,56,4,8,NA,43,177,NA,7,9,3,14,NA,4,421,1,1,NA,7,NA,NA,NA,NA,NA,NA,NA,62,1,3,NA,62,15,68,45,2,858,530,1,2,NA,42,16,91,201,139,44,37,19,257,153,NA,139,732,5,16,NA,5,12,1,NA,44,NA,NA,1,NA,89,19,19,54,44,NA,NA,NA,85,65,48,177,NA,14,17,194,3,68,1,NA,NA,31,608,11,NA,NA,7,1,517,1633,617,58,5,23,NA,NA,NA,NA,NA,161,NA,NA,61,NA,150,NA,NA,NA,11,NA,69,59,104,NA,72,5,NA,148,4,NA,1044,17,140,741,NA,2705,12,71,1724,340,NA,NA,535,455,535,156,NA,3066,285,601,248,349
6,"ACCESS-ESM1-5","ssp245","r2i1p1f1","2001_2020",4543,107,NA,13,69,18,30,15,1,5564,NA,NA,14991,3298,2,195,NA,64,NA,1913,3,1869,200,6,200,46,1,NA,88,526,16,20,356,1224,731,12,3043,1173,1,399,14,640,255,578,119,281,NA,1,10,2,4,NA,NA,NA,NA,198,154,3,7,5,2,1,1,191,3,27,5,NA,NA,NA,66,2,56,116,3,15,365,982,619,8,32,3,27,8,3,6,586,293,19,16,298,26,78,35,23,9,5,38,82,41,NA,12,3,25,61,NA,1,333,NA,2,NA,6,NA,NA,NA,NA,NA,NA,NA,49,12,7,NA,85,5,344,102,77,692,453,6,3,NA,63,18,61,194,504,257,116,83,192,196,NA,85,775,27,5,11,75,94,1,NA,74,NA,NA,3,NA,140,82,322,48,85,NA,NA,7,174,66,181,200,5,35,158,342,12,212,14,NA,12,25,540,14,NA,NA,11,1,475,1520,466,27,NA,10,NA,NA,NA,NA,NA,84,NA,NA,111,NA,178,NA,NA,NA,1,2,44,120,131,NA,66,1,10,31,1,2,665,115,113,480,NA,1691,6,69,1715,228,9,NA,58,199,455,23,NA,2148,80,500,154,307
7,"EC-Earth3","ssp245","ensembleMean","2001_2020",3855,131,NA,33,111,31,48,4,1,4905,2,NA,16466,1549,145,167,NA,386,10,1804,6,2620,825,7,283,81,1,65,227,720,50,23,596,2720,881,28,3969,1845,5,695,14,736,262,697,400,495,NA,9,17,29,24,NA,2,4,NA,216,239,5,30,38,19,44,26,37,NA,3,32,NA,NA,NA,223,4,46,179,8,17,585,724,817,26,48,1,146,57,5,12,418,288,35,36,555,222,178,302,153,54,6,54,402,449,NA,23,7,34,79,4,5,190,NA,1,NA,9,25,NA,NA,NA,NA,NA,NA,158,11,61,NA,91,3,444,145,115,844,508,23,36,1,50,12,70,162,424,337,135,105,137,213,19,94,845,203,21,89,75,116,4,4,64,4,NA,3,5,347,197,758,116,63,2,1,5,162,45,185,179,10,43,307,476,3,301,19,NA,25,22,723,15,2,NA,35,4,927,1620,542,28,5,28,NA,NA,NA,2,NA,121,2,33,277,NA,195,NA,NA,41,34,12,227,234,200,NA,299,1,93,125,NA,10,414,261,262,1234,21,834,20,182,1861,264,5,38,726,710,663,4,NA,2635,87,407,236,308
8,"EC-Earth3","ssp245","r15i1p1f1","2001_2020",4115,125,NA,40,110,30,61,2,1,5191,8,NA,15254,728,141,150,NA,530,12,1883,6,2601,954,7,328,90,1,86,253,747,59,24,746,2883,937,20,4361,1967,7,740,13,755,275,690,579,626,NA,11,16,52,46,NA,4,7,NA,227,279,8,38,52,18,62,34,55,NA,10,50,NA,NA,NA,257,4,34,193,10,26,670,875,800,25,42,NA,166,117,5,5,475,224,31,26,586,240,253,378,174,129,8,61,440,509,NA,36,7,47,108,7,6,235,NA,1,NA,7,59,6,1,NA,NA,NA,NA,174,14,72,NA,129,3,519,149,145,943,540,32,50,NA,85,8,71,159,647,346,147,125,142,219,30,96,865,202,43,94,77,131,3,4,61,20,NA,NA,5,444,320,1103,114,79,2,NA,20,206,50,183,178,10,48,395,562,6,296,30,NA,47,27,744,13,1,NA,33,NA,982,1667,586,20,6,33,NA,NA,NA,5,NA,128,2,87,404,NA,222,NA,1,81,63,19,286,251,236,NA,314,5,155,181,NA,7,615,269,254,1282,26,943,13,198,1926,363,NA,52,770,790,727,7,NA,2740,124,612,190,294
9,"EC-Earth3","ssp245","r1i1p1f1","2001_2020",3896,157,NA,27,88,22,18,NA,1,4662,1,NA,16807,4687,25,301,NA,215,1,1667,10,2519,350,6,201,50,1,8,192,618,18,21,258,2312,750,35,3472,1492,4,511,12,728,218,575,186,347,1,5,13,28,7,NA,NA,3,NA,140,222,5,17,8,5,26,13,39,NA,2,22,NA,NA,NA,156,2,43,135,9,7,343,923,671,27,30,3,100,30,4,13,388,268,29,41,359,168,81,255,112,26,8,35,327,274,NA,15,8,26,83,4,5,163,NA,NA,NA,10,23,NA,NA,NA,NA,NA,NA,127,3,47,NA,61,7,425,60,41,737,451,17,NA,NA,48,5,31,120,265,153,115,48,107,172,NA,80,632,148,7,35,62,97,1,3,39,NA,NA,1,5,300,152,286,87,27,2,NA,2,138,28,104,171,6,32,279,284,NA,179,15,NA,35,27,724,14,4,NA,29,4,815,1449,457,24,2,22,NA,NA,NA,NA,NA,97,2,22,188,NA,107,NA,NA,28,29,6,164,232,156,NA,133,NA,42,31,NA,6,310,133,234,879,6,689,19,113,2110,313,1,16,578,474,451,3,NA,2413,112,406,195,314
10,"EC-Earth3","ssp245","r4i1p1f1","2001_2020",3373,155,NA,38,114,32,52,24,NA,5388,8,NA,15475,1627,181,81,NA,553,10,1642,6,2342,892,8,329,70,1,42,250,758,48,22,503,2570,594,32,3733,1889,11,456,19,689,271,719,461,488,NA,10,17,37,41,NA,6,2,NA,273,285,9,34,28,21,43,28,50,NA,7,50,NA,NA,NA,206,5,58,158,13,22,592,706,817,6,52,NA,159,88,2,6,356,303,54,33,574,155,236,208,178,74,9,67,300,401,NA,38,11,54,98,6,9,152,NA,NA,NA,10,37,NA,NA,NA,NA,NA,1,115,11,42,NA,154,3,488,158,145,815,492,24,71,NA,73,14,122,205,658,412,155,159,107,246,44,103,945,151,58,36,97,129,5,7,71,17,NA,1,5,395,280,870,149,100,NA,NA,22,240,94,255,198,10,55,346,627,29,398,19,NA,50,33,705,13,1,NA,28,4,780,1559,463,39,6,28,NA,NA,NA,1,NA,172,3,24,390,NA,250,NA,2,35,42,15,163,236,234,NA,336,8,21,138,1,13,1226,232,245,1523,18,699,24,205,2082,296,3,23,768,928,837,7,NA,2258,23,370,227,308
11,"GISS-E2-1-G","ssp245","ensembleMean","2001_2020",8097,271,NA,45,117,45,70,62,1,6931,8,NA,20886,4547,214,498,182,667,18,2343,5,2759,979,9,385,133,1,104,320,843,114,30,847,3208,997,14,4406,2635,10,1108,38,745,492,1069,633,748,7,9,11,94,147,1,13,10,NA,243,468,32,135,66,32,83,42,1106,50,209,122,136,38,10,396,28,142,473,58,108,540,2229,1258,179,155,NA,220,95,5,14,1253,448,166,184,833,835,340,622,420,143,14,115,510,693,NA,60,35,118,172,18,32,835,56,49,NA,4,106,19,7,NA,6,NA,2,331,48,147,NA,224,NA,649,151,154,990,632,72,134,7,121,46,218,247,781,468,189,270,372,318,66,255,1019,237,96,27,80,188,12,19,124,53,NA,NA,5,645,441,1514,333,133,NA,4,132,365,179,361,207,15,64,435,694,65,324,50,2,132,73,1012,12,NA,NA,46,1,1781,2860,1320,145,19,85,9,NA,4,13,9,348,2,271,542,37,239,NA,2,100,159,43,707,262,266,NA,294,179,263,1003,50,47,1194,269,289,1506,32,3907,219,186,2504,723,56,137,789,1031,1033,333,NA,7208,1797,2130,806,437
12,"GISS-E2-1-G","ssp245","r1i1p3f1","2001_2020",7789,270,NA,45,108,34,37,50,1,7358,1,NA,19820,6355,12,373,150,656,13,2125,6,2724,993,8,403,141,1,118,332,856,98,31,785,3457,1014,18,4453,2603,9,1120,40,769,487,1027,642,740,11,5,6,43,105,1,10,2,NA,218,367,27,123,34,12,59,38,1079,16,174,73,143,33,10,352,33,126,441,44,112,237,2364,1061,158,137,NA,196,63,3,12,1136,435,158,184,836,753,191,605,418,80,15,106,572,604,NA,40,20,88,149,11,27,746,20,22,NA,2,100,9,2,NA,9,NA,3,315,20,149,NA,214,NA,546,137,136,979,636,54,31,4,98,46,221,248,511,421,187,200,378,307,47,237,954,235,98,52,36,168,11,19,97,38,1,NA,4,570,320,1376,263,132,NA,1,127,349,169,299,196,16,62,404,642,68,287,58,NA,125,82,1007,13,NA,NA,43,4,1715,2777,1282,152,20,90,8,NA,3,14,NA,318,2,215,503,36,186,NA,2,71,105,18,831,240,279,NA,277,156,278,1027,57,46,1088,207,308,1614,27,3551,114,199,2679,673,16,155,730,1089,691,353,1,6664,1536,1798,890,420
13,"GISS-E2-1-G","ssp245","r2i1p3f1","2001_2020",9544,331,1,45,117,51,87,66,1,6821,7,1,20151,2376,411,248,314,634,16,2461,7,2982,994,6,382,136,1,118,337,858,123,29,821,3383,960,27,4586,2834,8,1144,72,750,494,1106,651,797,6,13,14,159,183,7,15,13,NA,300,594,63,191,85,36,135,67,1366,77,298,168,222,64,21,412,33,182,502,81,140,778,2350,978,128,173,NA,233,110,7,18,1375,472,219,255,869,1172,476,940,572,221,31,132,521,955,NA,75,82,143,184,24,53,948,67,93,NA,6,110,29,10,2,6,1,1,382,75,163,10,261,5,687,141,162,963,614,78,164,7,130,46,208,244,902,464,185,263,421,323,91,262,1027,249,114,1,143,200,9,18,129,49,NA,NA,5,715,487,1466,316,126,NA,3,143,363,184,356,208,16,65,429,719,66,238,56,5,144,82,1129,12,2,NA,58,10,2116,3092,1548,178,25,102,20,NA,11,22,6,423,3,372,551,44,256,1,2,116,227,53,952,270,273,NA,198,181,219,1266,49,46,1053,182,95,1242,36,4203,243,130,2030,662,93,92,823,840,1074,377,NA,9169,2480,2614,1225,425
14,"GISS-E2-1-G","ssp245","r3i1p3f1","2001_2020",7542,218,NA,45,116,46,70,52,1,6748,7,NA,18163,3374,164,518,70,558,13,2277,5,2684,923,6,362,113,1,84,291,790,83,25,773,2644,933,14,4048,2391,9,1010,31,712,447,985,580,649,4,7,8,77,102,1,10,3,NA,287,461,20,84,50,30,61,34,901,44,176,75,89,31,3,354,18,130,409,46,80,544,2083,1127,139,143,NA,187,76,2,9,1136,396,128,120,745,567,322,441,279,106,17,90,458,592,NA,61,40,100,154,10,23,645,39,27,NA,3,84,10,7,NA,2,NA,NA,310,57,118,NA,204,1,605,164,165,879,612,54,117,9,115,40,196,246,821,437,186,218,292,285,46,205,1002,224,66,74,94,181,5,11,122,41,NA,NA,5,532,407,1453,311,127,NA,NA,33,300,173,337,212,13,56,422,658,52,384,41,1,79,63,878,12,NA,NA,50,NA,1580,2635,1146,132,14,58,8,NA,3,12,10,326,2,207,460,32,222,NA,2,100,134,30,517,250,254,NA,356,165,233,712,30,45,1230,316,369,1385,26,3473,158,187,2611,656,39,147,777,1009,964,154,NA,5753,1237,1674,592,434
15,"MIROC6","ssp245","ensembleMean","2001_2020",6358,182,NA,35,108,38,44,20,NA,6221,2,NA,16040,3310,66,431,4,396,6,2108,5,2747,805,6,311,122,1,35,234,697,102,22,774,2543,962,16,3907,2012,4,672,17,764,395,835,490,529,1,9,6,56,42,NA,NA,2,NA,179,265,5,30,48,11,53,10,350,11,42,50,3,3,NA,249,13,99,281,17,71,417,1599,960,84,92,1,108,44,5,4,768,364,80,77,504,311,145,298,112,34,4,67,242,406,NA,28,7,59,86,6,3,665,24,13,NA,1,52,4,NA,NA,1,NA,NA,232,21,99,NA,79,2,558,126,118,948,650,26,45,NA,68,23,108,196,755,349,138,121,224,268,9,129,922,133,28,57,79,129,4,6,96,28,NA,NA,4,298,305,949,130,107,2,1,71,155,113,285,186,11,54,380,493,22,284,36,NA,51,37,795,14,2,NA,46,2,1227,2100,963,39,4,27,1,NA,1,10,2,172,2,101,316,21,109,NA,NA,53,31,22,286,244,200,NA,300,99,64,264,2,15,1639,160,219,1239,7,2761,112,188,2425,463,17,15,709,798,664,181,NA,3688,608,626,319,353
16,"MIROC6","ssp245","r1i1p1f1","2001_2020",6052,170,NA,39,110,37,46,25,1,6007,NA,NA,14421,2922,65,275,2,438,7,2050,4,2690,848,6,325,108,1,40,234,701,94,22,631,2178,916,9,3896,1960,6,593,16,729,390,799,491,518,NA,10,6,51,53,NA,1,3,NA,160,200,4,26,47,12,47,12,329,11,41,55,1,NA,NA,224,7,61,292,9,60,486,1420,875,78,83,NA,108,50,5,4,714,396,80,79,552,252,127,283,100,28,1,72,212,360,NA,22,1,63,83,8,2,623,24,12,NA,NA,56,6,NA,NA,1,NA,NA,213,23,100,NA,63,1,598,142,130,933,630,34,67,NA,28,23,87,186,771,377,136,144,205,274,2,110,889,152,27,52,47,131,6,9,100,34,NA,NA,5,316,325,838,123,99,2,NA,85,149,97,298,188,11,54,390,523,30,285,35,1,43,37,763,14,2,NA,49,1,1157,2024,906,47,3,17,1,NA,2,8,1,130,2,105,351,15,90,NA,NA,61,37,25,260,250,202,NA,215,77,62,240,NA,14,1613,174,177,1145,7,2708,100,182,2360,396,17,7,609,645,627,195,NA,3081,367,489,292,344
17,"MIROC6","ssp245","r2i1p1f1","2001_2020",6652,205,NA,34,114,39,48,26,NA,6585,2,NA,16568,4245,18,425,13,475,8,2145,3,2775,838,6,320,117,1,43,257,726,96,22,816,2690,946,7,3947,2170,9,777,19,774,391,872,506,557,5,6,8,68,62,NA,2,2,NA,205,306,6,25,50,16,54,14,533,15,62,55,10,5,NA,266,16,127,298,18,68,226,1767,619,88,112,1,114,52,5,5,842,376,85,99,539,298,176,329,118,40,5,68,280,363,NA,30,8,46,96,7,5,700,32,13,NA,2,56,8,NA,NA,1,NA,NA,237,21,102,NA,106,2,543,134,123,968,641,27,62,9,87,22,118,205,790,357,131,152,279,265,7,155,928,153,34,53,78,130,5,4,102,22,NA,1,4,341,311,1144,156,103,1,1,62,149,123,293,201,11,55,368,559,30,288,41,NA,41,30,795,12,2,NA,46,2,1350,2234,888,39,9,40,2,NA,2,12,6,224,2,134,353,22,152,NA,NA,64,56,28,299,237,209,NA,258,85,85,322,1,20,1516,167,224,1208,11,2980,122,184,2329,406,28,24,637,785,475,244,NA,3419,611,710,298,332
18,"MIROC6","ssp245","r3i1p1f1","2001_2020",6356,140,NA,30,99,35,27,17,1,6009,7,NA,17801,2251,140,385,1,256,NA,2073,6,2699,622,7,299,123,1,28,198,655,100,20,792,2628,994,21,3809,1805,2,629,15,771,404,773,424,478,2,9,8,46,24,NA,NA,2,NA,160,247,2,39,34,12,54,13,194,8,35,23,NA,NA,NA,235,2,91,229,15,72,462,1472,1109,105,74,3,72,30,4,1,692,358,80,58,345,368,85,269,107,19,4,58,237,510,NA,17,12,53,76,5,1,592,12,13,NA,1,36,NA,NA,NA,1,NA,NA,237,16,99,NA,69,4,504,111,107,924,647,19,15,NA,68,21,101,180,606,296,134,63,150,270,14,95,874,94,39,35,91,122,2,5,98,19,NA,NA,4,249,258,822,127,99,2,NA,54,154,89,219,178,11,50,368,431,4,287,28,NA,54,38,791,12,3,NA,33,3,1131,1986,1026,32,7,29,1,NA,NA,9,NA,128,1,50,251,17,92,NA,NA,31,9,13,291,241,193,NA,383,79,57,268,7,13,1652,147,256,1381,7,2611,110,199,2401,467,6,19,810,888,897,62,NA,4370,811,652,360,366
19,"MPI-ESM1-2-HR","ssp245","ensembleMean","2001_2020",7183,214,NA,40,111,34,45,42,1,6462,NA,NA,19113,4244,164,502,29,506,17,2247,10,2766,636,9,297,91,1,33,281,765,50,25,406,2387,715,34,3548,2177,11,672,26,717,372,911,376,510,5,6,15,98,44,2,3,4,NA,278,433,17,87,52,15,50,27,657,29,92,69,61,21,NA,212,17,167,274,31,76,570,1796,1055,125,140,3,154,50,5,10,933,335,102,104,524,378,256,333,222,77,16,79,354,471,NA,49,45,74,143,8,17,713,52,23,NA,10,29,NA,4,NA,NA,1,NA,261,60,106,NA,170,5,525,111,110,881,602,32,19,4,93,31,146,247,677,268,146,159,272,215,24,167,872,78,37,61,141,138,7,5,112,22,NA,2,5,338,288,768,219,100,1,1,59,192,157,208,219,11,45,349,542,33,356,19,NA,47,48,896,15,4,NA,43,6,1495,2469,1065,85,11,53,6,NA,1,7,1,289,3,139,304,22,172,NA,1,40,54,30,365,243,225,NA,381,202,77,538,29,20,1546,164,367,1168,3,3537,151,176,2537,426,30,39,660,816,755,259,NA,4811,949,1386,439,390
20,"MPI-ESM1-2-HR","ssp245","r1i1p1f1","2001_2020",6770,227,1,41,112,38,50,42,1,6607,NA,NA,19795,4073,174,548,36,550,16,2082,10,2475,536,10,321,85,1,32,269,757,36,25,295,2377,550,35,3501,2074,12,553,31,690,364,925,352,480,6,8,15,102,60,3,7,8,NA,326,526,31,139,58,18,67,25,850,11,65,70,80,20,2,206,19,180,245,29,76,619,1942,1155,102,157,3,167,66,4,5,831,330,96,103,520,535,278,438,284,100,21,97,495,610,NA,58,69,85,146,10,29,479,7,6,NA,10,28,1,6,NA,1,1,2,277,76,84,NA,202,10,528,117,136,759,553,28,22,18,106,31,133,256,699,283,145,178,266,214,51,180,960,119,54,52,154,164,12,5,120,21,NA,1,5,373,300,963,253,108,NA,1,101,287,172,215,219,14,50,361,562,49,383,18,1,76,68,927,14,3,NA,37,7,1370,2488,997,86,15,60,8,NA,NA,2,1,337,3,157,314,18,219,1,2,47,54,26,404,247,236,NA,427,226,121,708,33,17,1214,218,324,1267,3,3238,115,193,2658,442,28,93,774,1027,836,165,NA,4907,1038,1032,456,393
21,"MPI-ESM1-2-HR","ssp245","r2i1p1f1","2001_2020",7716,172,NA,38,109,35,39,38,1,6267,NA,NA,18321,3975,97,365,16,454,15,2305,7,2919,736,7,268,87,1,39,280,746,69,24,520,2220,814,31,3555,2230,10,664,19,715,361,847,405,509,2,4,11,83,39,1,3,4,NA,221,354,12,61,38,14,34,17,458,34,98,60,13,6,NA,147,17,150,273,29,62,500,1523,881,126,116,3,135,39,4,14,1009,312,94,126,453,228,204,226,153,53,10,70,190,224,NA,38,21,56,122,7,11,819,94,35,NA,10,32,NA,2,NA,NA,NA,NA,231,24,115,NA,119,4,516,89,84,977,618,33,21,8,80,23,126,229,638,252,140,133,227,211,1,134,810,42,25,23,114,134,4,4,108,15,NA,3,5,332,257,486,191,86,2,1,34,154,125,191,212,5,41,334,507,24,294,17,NA,52,30,834,15,4,NA,39,4,1522,2389,1080,89,7,39,5,NA,NA,8,2,224,3,85,301,13,141,NA,NA,41,44,29,318,244,216,NA,24,132,42,414,22,21,1643,71,207,984,1,2995,108,52,2089,420,28,2,311,455,636,186,NA,4631,691,1591,464,381
22,"MRI-ESM2-0","ssp245","ensembleMean","2001_2020",5707,154,1,36,100,32,28,2,1,5277,NA,NA,15612,887,149,68,40,438,7,1992,5,2626,786,6,312,108,1,53,238,721,73,23,605,2245,827,27,3855,2076,7,680,21,729,419,870,441,523,NA,9,22,40,20,NA,NA,4,NA,238,258,10,34,41,9,37,21,144,12,26,38,2,3,NA,182,10,115,184,21,47,444,1144,929,68,72,2,125,54,1,1,636,429,106,113,545,296,135,292,217,66,10,38,295,473,NA,4,16,52,92,5,5,261,2,9,NA,9,24,NA,NA,NA,NA,NA,NA,134,1,63,NA,95,9,474,118,122,832,569,14,23,2,47,18,94,189,540,339,138,73,126,294,5,105,935,158,18,60,79,137,1,5,86,18,NA,NA,5,345,259,823,156,71,2,NA,15,186,79,238,186,10,54,351,475,2,221,15,NA,57,39,790,15,3,NA,34,3,1269,2094,994,26,5,45,1,NA,NA,5,NA,142,2,34,336,NA,159,1,NA,30,20,7,248,239,232,NA,317,80,75,159,7,16,1110,196,193,1252,17,2001,48,176,2266,154,7,35,774,835,677,NA,NA,4087,680,596,361,371
23,"MRI-ESM2-0","ssp245","r1i1p1f1","2001_2020",5707,154,1,36,100,32,28,2,1,5277,NA,NA,15612,887,149,68,40,438,7,1992,5,2626,786,6,312,108,1,53,238,721,73,23,605,2245,827,27,3855,2076,7,680,21,729,419,870,441,523,NA,9,22,40,20,NA,NA,4,NA,238,258,10,34,41,9,37,21,144,12,26,38,2,3,NA,182,10,115,184,21,47,444,1144,929,68,72,2,125,54,1,1,636,429,106,113,545,296,135,292,217,66,10,38,295,473,NA,4,16,52,92,5,5,261,2,9,NA,9,24,NA,NA,NA,NA,NA,NA,134,1,63,NA,95,9,474,118,122,832,569,14,23,2,47,18,94,189,540,339,138,73,126,294,5,105,935,158,18,60,79,137,1,5,86,18,NA,NA,5,345,259,823,156,71,2,NA,15,186,79,238,186,10,54,351,475,2,221,15,NA,57,39,790,15,3,NA,34,3,1269,2094,994,26,5,45,1,NA,NA,5,NA,142,2,34,336,NA,159,1,NA,30,20,7,248,239,232,NA,317,80,75,159,7,16,1110,196,193,1252,17,2001,48,176,2266,154,7,35,774,835,677,NA,NA,4087,680,596,361,371
24,"ensembleMean","ssp245","ensembleMean","2001_2020",5915,194,NA,39,115,37,47,24,1,6155,2,NA,17671,2777,138,376,9,428,9,2059,6,2608,787,6,323,112,1,50,245,735,80,23,625,2551,866,28,3813,2052,10,783,22,756,402,882,415,518,2,7,12,67,42,NA,2,4,NA,257,349,7,42,49,18,47,26,338,4,49,59,7,5,NA,260,14,115,254,23,66,492,1448,987,81,100,1,142,67,3,7,742,372,88,93,553,309,197,291,164,74,13,72,303,432,NA,42,28,56,111,7,12,531,2,12,NA,8,36,2,NA,NA,NA,NA,NA,199,30,84,NA,140,3,512,132,130,930,614,31,44,9,94,23,122,216,736,365,147,121,239,261,19,157,961,160,35,73,128,134,5,5,112,25,NA,1,4,335,303,1103,178,101,1,1,49,205,127,268,207,10,55,353,538,24,328,32,NA,61,38,834,14,3,NA,43,4,1201,2130,941,57,8,40,1,NA,1,4,2,208,3,83,349,10,183,NA,NA,44,48,21,326,235,217,NA,380,104,105,287,12,21,1495,220,325,1340,18,2767,113,188,2514,408,25,39,742,895,749,88,NA,4054,695,887,378,374
25,"ACCESS-ESM1-5","ssp245","ensembleMean","2021_2040",1053,15,NA,NA,4,2,1,NA,NA,2487,NA,NA,10269,447,NA,NA,NA,NA,NA,1249,NA,1016,39,1,100,51,NA,NA,6,156,4,17,283,622,184,3,2601,241,NA,43,1,446,89,203,5,138,NA,5,NA,NA,NA,NA,NA,1,NA,22,NA,NA,NA,NA,NA,NA,NA,NA,NA,NA,NA,NA,NA,NA,2,NA,1,NA,NA,NA,66,67,7,NA,1,NA,NA,NA,NA,NA,68,112,NA,NA,12,NA,NA,NA,NA,NA,NA,NA,NA,NA,NA,NA,NA,2,12,NA,NA,2,NA,NA,NA,1,NA,NA,NA,NA,NA,NA,NA,NA,NA,NA,NA,NA,3,131,NA,4,294,83,1,NA,NA,4,1,7,86,158,167,34,2,14,106,NA,6,440,NA,NA,NA,23,13,NA,NA,24,NA,NA,NA,NA,7,2,5,NA,18,NA,NA,NA,29,5,55,160,1,33,7,41,NA,13,NA,NA,NA,2,172,8,NA,NA,NA,NA,12,386,59,1,NA,NA,NA,NA,NA,NA,NA,1,NA,NA,14,NA,19,NA,NA,NA,NA,NA,NA,22,48,NA,NA,NA,NA,NA,NA,NA,NA,NA,6,29,NA,NA,NA,NA,939,64,NA,NA,NA,1,104,NA,NA,37,NA,5,2,129
26,"ACCESS-ESM1-5","ssp245","r10i1p1f1","2021_2040",1227,2,NA,NA,13,1,NA,NA,NA,2320,NA,NA,6498,11,NA,NA,NA,NA,NA,1279,NA,1204,78,1,95,36,NA,NA,1,135,2,13,376,364,288,NA,2305,190,NA,23,NA,419,77,75,NA,110,NA,5,NA,NA,NA,NA,NA,3,NA,NA,NA,NA,NA,NA,NA,NA,NA,NA,NA,NA,NA,NA,NA,NA,NA,NA,NA,NA,NA,NA,63,64,NA,NA,NA,NA,NA,NA,NA,NA,50,147,NA,NA,24,NA,NA,NA,NA,NA,NA,6,NA,NA,NA,NA,NA,2,6,NA,NA,2,NA,NA,NA,1,NA,NA,NA,NA,NA,NA,NA,NA,NA,NA,NA,NA,NA,321,NA,32,297,101,NA,NA,NA,2,NA,1,49,400,270,73,4,4,150,NA,3,553,NA,NA,NA,44,41,NA,NA,16,NA,NA,NA,NA,7,16,NA,NA,NA,NA,NA,6,20,7,112,162,1,32,55,79,NA,10,NA,NA,NA,3,161,6,NA,NA,NA,NA,39,285,35,NA,NA,NA,NA,NA,NA,NA,NA,NA,NA,NA,23,NA,4,NA,NA,NA,NA,NA,NA,54,50,NA,NA,NA,NA,NA,NA,NA,1,NA,4,1,NA,3,NA,NA,743,13,NA,NA,NA,NA,61,NA,NA,41,NA,12,1,76
27,"ACCESS-ESM1-5","ssp245","r1i1p1f1","2021_2040",1141,7,NA,NA,NA,NA,3,NA,NA,2778,NA,NA,12902,1080,NA,NA,NA,NA,NA,1238,NA,878,27,1,75,43,NA,NA,8,116,9,17,392,462,235,1,2495,411,NA,81,2,383,116,195,4,157,NA,5,NA,NA,NA,NA,NA,NA,NA,42,NA,NA,NA,NA,NA,NA,NA,NA,NA,NA,NA,NA,NA,NA,NA,NA,NA,NA,NA,NA,66,6,1,NA,NA,1,NA,NA,NA,NA,100,72,NA,NA,1,NA,NA,NA,NA,NA,NA,NA,NA,NA,NA,NA,NA,NA,NA,NA,NA,10,NA,NA,NA,NA,NA,NA,NA,NA,NA,NA,NA,NA,NA,NA,NA,NA,10,6,2,NA,197,152,NA,NA,NA,NA,3,1,122,62,187,7,7,4,91,NA,7,448,NA,NA,NA,NA,NA,NA,NA,16,NA,NA,NA,NA,1,NA,6,NA,6,NA,NA,NA,1,7,72,140,NA,17,NA,47,NA,29,NA,NA,NA,NA,119,1,NA,NA,NA,NA,13,515,73,2,NA,NA,NA,NA,NA,NA,NA,11,NA,NA,5,NA,24,NA,NA,NA,NA,NA,NA,NA,37,NA,NA,NA,NA,NA,NA,NA,NA,NA,12,77,NA,NA,NA,NA,1205,90,NA,NA,NA,NA,143,NA,NA,356,NA,49,5,164
28,"ACCESS-ESM1-5","ssp245","r2i1p1f1","2021_2040",886,31,NA,NA,NA,1,4,NA,NA,1986,NA,NA,5376,NA,NA,NA,NA,NA,NA,1487,NA,859,25,2,66,61,1,NA,4,81,18,17,413,1003,344,4,2601,124,NA,35,NA,426,100,261,9,112,NA,6,NA,NA,NA,NA,NA,NA,NA,31,NA,NA,NA,NA,NA,NA,NA,1,NA,NA,NA,NA,NA,NA,6,NA,NA,NA,NA,NA,5,NA,1,NA,1,2,NA,1,NA,NA,41,53,NA,NA,1,NA,NA,NA,NA,NA,NA,NA,1,NA,NA,1,NA,NA,2,NA,NA,NA,NA,NA,NA,NA,NA,NA,NA,NA,NA,NA,NA,2,NA,NA,NA,NA,6,44,NA,2,313,104,NA,NA,NA,6,2,4,93,74,102,15,1,3,52,NA,5,383,NA,NA,NA,10,2,NA,NA,17,NA,NA,NA,NA,5,NA,12,NA,6,NA,NA,NA,3,NA,51,147,5,23,1,17,NA,26,NA,NA,NA,3,132,6,NA,NA,1,NA,8,248,82,NA,NA,NA,NA,NA,NA,NA,NA,5,NA,NA,1,NA,16,NA,NA,NA,NA,NA,NA,1,33,NA,NA,NA,NA,NA,NA,NA,NA,NA,20,156,NA,NA,NA,5,1397,5,NA,NA,18,42,9,NA,NA,8,NA,NA,NA,70
29,"EC-Earth3","ssp245","ensembleMean","2021_2040",534,11,NA,2,40,4,NA,NA,NA,1920,NA,NA,10802,665,2,NA,NA,24,NA,1203,NA,1906,622,1,170,48,1,11,74,452,14,20,528,1318,270,20,3487,454,NA,67,2,539,88,330,119,343,NA,8,3,NA,1,NA,NA,5,NA,7,2,NA,NA,NA,NA,1,1,NA,NA,NA,NA,NA,NA,NA,19,NA,NA,10,NA,1,143,10,20,NA,1,NA,17,10,NA,2,36,167,NA,NA,142,NA,1,NA,NA,NA,NA,5,6,10,NA,NA,NA,8,32,NA,NA,1,NA,NA,NA,4,NA,NA,NA,NA,NA,NA,NA,16,NA,1,NA,NA,1,355,23,3,408,78,NA,NA,NA,8,NA,NA,5,38,226,81,3,11,156,NA,28,451,12,NA,1,20,24,NA,NA,11,NA,NA,NA,NA,91,43,39,NA,NA,NA,NA,NA,45,NA,36,131,4,29,67,115,NA,124,2,NA,NA,3,244,9,NA,NA,3,1,189,508,53,NA,NA,NA,NA,NA,NA,NA,NA,NA,NA,NA,73,NA,28,NA,NA,NA,NA,NA,NA,108,72,NA,NA,NA,6,NA,NA,NA,NA,62,67,330,NA,6,NA,17,1479,24,NA,NA,63,92,115,NA,NA,343,NA,1,3,111
30,"EC-Earth3","ssp245","r15i1p1f1","2021_2040",1483,52,NA,19,60,14,4,NA,NA,3552,NA,NA,16785,1515,158,12,NA,131,NA,1520,3,2039,461,3,237,74,1,28,104,557,16,23,245,1908,298,32,3643,957,NA,191,3,628,139,533,178,413,NA,5,14,1,1,NA,NA,5,NA,60,126,4,NA,17,1,14,10,14,NA,1,3,NA,NA,NA,71,NA,5,81,1,NA,441,350,409,2,12,1,64,9,NA,NA,147,210,6,9,242,73,9,82,22,5,1,8,81,191,NA,3,NA,15,67,1,NA,45,NA,NA,NA,5,7,NA,NA,NA,NA,NA,NA,94,NA,25,NA,14,4,392,1,8,614,165,7,3,NA,26,NA,10,27,191,169,86,7,76,202,NA,72,534,49,NA,7,45,65,NA,NA,34,NA,NA,NA,4,212,176,162,30,2,NA,NA,1,69,19,116,165,4,44,191,253,NA,103,11,NA,23,19,425,15,2,NA,3,2,410,1043,153,10,NA,12,NA,NA,NA,NA,NA,13,NA,NA,174,NA,60,NA,NA,10,3,2,63,200,159,NA,32,NA,15,NA,NA,NA,NA,13,123,585,NA,151,NA,17,1612,122,1,NA,321,281,402,NA,NA,1568,2,64,89,159
31,"EC-Earth3","ssp245","r1i1p1f1","2021_2040",287,4,NA,NA,19,NA,NA,NA,NA,2139,NA,NA,9938,567,NA,NA,NA,11,NA,998,NA,1728,697,1,158,33,1,NA,28,399,11,20,677,940,142,10,3516,323,NA,22,NA,399,42,209,142,294,NA,6,4,NA,NA,NA,NA,2,NA,5,2,NA,NA,NA,NA,1,NA,NA,NA,NA,NA,NA,NA,NA,10,NA,NA,NA,NA,NA,64,3,NA,NA,NA,NA,11,3,NA,4,6,208,NA,NA,78,NA,NA,NA,NA,NA,NA,3,1,NA,NA,NA,NA,2,27,NA,NA,1,NA,NA,NA,1,NA,NA,NA,NA,NA,NA,NA,NA,NA,NA,NA,NA,1,340,17,3,361,21,NA,1,NA,8,NA,NA,2,23,281,69,4,17,164,NA,7,443,7,NA,NA,12,17,NA,NA,4,NA,NA,NA,NA,76,47,33,NA,NA,NA,NA,NA,46,NA,33,127,1,25,71,104,NA,79,1,NA,NA,3,197,10,NA,NA,3,NA,102,391,13,NA,NA,NA,NA,NA,NA,NA,NA,NA,NA,NA,102,NA,14,NA,NA,2,NA,NA,NA,97,63,NA,NA,NA,1,NA,NA,NA,NA,76,21,49,NA,NA,NA,1,1234,8,NA,NA,6,18,49,NA,NA,15,NA,NA,NA,77
32,"EC-Earth3","ssp245","r4i1p1f1","2021_2040",706,13,NA,NA,12,NA,NA,NA,NA,2287,NA,NA,10585,1396,NA,NA,NA,13,NA,1166,5,1858,222,1,91,61,1,NA,90,290,19,20,204,1283,300,15,2915,347,NA,95,1,537,89,322,90,245,NA,7,1,NA,NA,NA,NA,1,NA,1,3,NA,NA,NA,NA,NA,NA,1,NA,NA,NA,NA,NA,NA,18,NA,NA,9,NA,NA,115,6,77,NA,2,2,11,2,NA,2,57,118,NA,NA,97,NA,NA,1,NA,NA,NA,NA,12,8,NA,NA,NA,1,34,NA,NA,1,NA,NA,NA,3,NA,NA,NA,NA,NA,NA,NA,25,NA,1,NA,NA,2,308,2,1,488,95,NA,NA,NA,7,NA,NA,NA,1,148,70,2,46,87,NA,36,340,NA,NA,NA,NA,11,NA,NA,3,NA,NA,NA,NA,40,10,NA,NA,NA,NA,NA,NA,54,NA,14,117,NA,29,7,44,NA,18,NA,NA,NA,2,276,10,NA,NA,4,1,163,528,45,NA,NA,NA,NA,NA,NA,NA,NA,NA,NA,NA,17,NA,13,NA,NA,NA,NA,NA,NA,14,39,NA,NA,NA,64,NA,NA,NA,NA,4,58,375,NA,13,NA,NA,1376,18,NA,NA,87,124,133,NA,NA,659,NA,16,NA,108
33,"GISS-E2-1-G","ssp245","ensembleMean","2021_2040",2847,14,NA,14,55,17,1,NA,NA,3258,NA,NA,11301,24,1,NA,NA,30,NA,1719,NA,1539,830,1,257,100,1,NA,38,414,68,22,851,1958,663,5,3477,723,NA,146,2,597,189,501,223,339,NA,8,NA,1,1,NA,NA,6,NA,8,7,NA,NA,3,NA,2,NA,3,NA,NA,NA,NA,NA,NA,21,NA,6,16,NA,NA,127,31,8,NA,1,NA,17,2,NA,NA,416,405,3,NA,201,NA,8,6,6,2,NA,28,11,16,NA,NA,NA,25,38,NA,NA,118,NA,NA,NA,NA,7,NA,NA,NA,NA,NA,NA,40,NA,2,NA,NA,NA,536,85,51,746,376,NA,1,NA,13,2,5,69,225,378,149,48,74,274,NA,44,746,8,NA,NA,10,92,NA,2,12,NA,NA,NA,NA,91,132,54,2,3,NA,NA,NA,113,15,159,145,4,48,336,301,NA,136,14,NA,NA,20,274,11,NA,NA,2,NA,186,1141,294,2,NA,3,NA,NA,NA,NA,NA,NA,NA,NA,186,NA,30,NA,NA,8,NA,NA,NA,234,183,NA,1,NA,5,NA,NA,NA,4,10,11,392,NA,25,NA,2,1501,82,NA,NA,17,76,127,NA,NA,705,NA,130,27,186
34,"GISS-E2-1-G","ssp245","r1i1p3f1","2021_2040",2726,7,NA,16,52,10,NA,NA,NA,2882,NA,NA,9978,293,NA,NA,NA,11,NA,1621,NA,1390,511,1,200,76,1,NA,50,367,47,20,590,1298,529,15,2994,671,NA,107,2,555,142,429,135,352,NA,7,3,NA,NA,NA,NA,3,NA,28,4,NA,NA,1,NA,NA,1,2,NA,NA,2,NA,NA,NA,8,NA,7,4,NA,NA,50,97,4,NA,5,NA,8,5,NA,2,354,316,NA,NA,116,NA,3,NA,1,NA,NA,14,3,1,NA,NA,NA,18,37,NA,NA,91,NA,NA,NA,NA,NA,NA,NA,NA,NA,NA,NA,42,NA,1,NA,NA,1,444,41,20,651,389,NA,3,NA,17,3,2,75,208,365,116,17,90,245,NA,38,619,1,NA,NA,17,100,1,NA,18,NA,NA,NA,NA,69,92,4,NA,31,NA,NA,NA,77,11,171,164,2,51,242,211,NA,71,3,NA,NA,14,278,10,NA,NA,4,1,143,983,210,1,NA,1,NA,NA,NA,NA,NA,4,NA,NA,136,NA,37,NA,NA,NA,NA,NA,4,199,148,NA,NA,NA,39,NA,NA,NA,NA,17,12,182,NA,8,NA,NA,1305,72,NA,NA,NA,NA,110,NA,NA,367,NA,116,15,135
35,"GISS-E2-1-G","ssp245","r2i1p3f1","2021_2040",2384,30,NA,7,35,8,1,NA,NA,3236,NA,NA,11884,192,59,1,NA,6,NA,1738,NA,1811,770,1,216,90,1,2,27,411,49,22,878,2079,551,6,3653,586,NA,36,NA,634,173,404,65,334,NA,6,NA,1,2,NA,NA,NA,NA,45,11,NA,1,3,NA,5,2,6,NA,NA,1,NA,NA,NA,30,NA,8,39,1,NA,237,43,116,2,1,NA,12,5,1,NA,342,444,6,3,254,4,6,10,12,1,NA,29,17,39,NA,NA,NA,22,36,NA,NA,62,NA,NA,NA,NA,9,NA,NA,NA,NA,NA,NA,32,NA,6,NA,2,NA,540,83,36,781,380,NA,NA,NA,11,3,7,76,211,344,151,39,29,292,NA,56,723,24,NA,NA,9,101,NA,2,4,NA,NA,NA,NA,124,103,72,6,3,NA,NA,NA,118,11,142,140,4,27,315,302,NA,135,11,NA,NA,26,293,13,NA,NA,NA,NA,200,1024,327,8,NA,2,NA,NA,NA,NA,NA,NA,NA,NA,162,NA,42,NA,NA,7,NA,NA,NA,216,169,NA,1,NA,2,NA,NA,NA,15,2,2,487,NA,18,NA,18,1530,108,NA,NA,139,137,351,NA,NA,1503,NA,129,23,201
36,"GISS-E2-1-G","ssp245","r3i1p3f1","2021_2040",3796,33,NA,21,78,22,4,NA,NA,3713,NA,NA,11649,6,6,NA,NA,224,NA,1976,NA,1289,962,2,314,123,1,NA,74,502,83,23,842,2737,896,2,3814,1160,NA,538,8,661,282,688,493,408,NA,6,NA,1,NA,NA,NA,6,NA,13,5,NA,NA,4,NA,4,NA,2,NA,1,3,NA,NA,NA,40,NA,10,25,NA,NA,97,1,33,2,2,NA,27,4,NA,NA,528,381,7,NA,200,3,7,14,3,NA,NA,26,2,25,NA,NA,NA,16,35,NA,NA,212,NA,NA,NA,1,12,NA,NA,NA,NA,NA,NA,24,NA,4,NA,8,NA,525,130,85,815,348,1,3,NA,17,11,25,149,335,387,155,57,82,266,NA,43,816,16,NA,NA,22,101,1,2,64,NA,NA,NA,1,107,137,283,9,70,NA,NA,NA,123,28,244,156,10,56,329,410,1,248,22,NA,NA,26,282,8,NA,NA,2,NA,375,1555,629,NA,2,21,NA,NA,NA,NA,NA,17,NA,NA,213,NA,50,NA,NA,15,NA,2,11,239,206,NA,10,NA,4,4,NA,NA,59,36,79,692,NA,139,NA,17,1306,32,NA,NA,189,187,116,NA,NA,1020,3,211,65,206
37,"MIROC6","ssp245","ensembleMean","2021_2040",2259,58,NA,11,46,12,NA,NA,NA,2907,NA,NA,10591,525,NA,NA,NA,12,NA,1659,4,2004,424,1,179,82,1,2,75,400,34,20,445,1664,237,13,3502,752,NA,98,3,543,157,523,102,318,NA,9,1,2,NA,NA,NA,5,NA,8,10,NA,NA,3,NA,4,4,8,NA,NA,3,NA,NA,NA,19,NA,2,28,NA,2,160,63,22,NA,5,NA,17,4,NA,2,182,302,NA,NA,174,NA,9,3,7,2,NA,23,27,11,NA,NA,NA,14,36,NA,NA,47,NA,NA,NA,1,16,NA,NA,NA,NA,NA,NA,57,NA,14,NA,NA,1,408,27,13,500,210,NA,NA,NA,2,1,2,29,192,331,96,13,123,229,NA,28,572,5,NA,4,18,75,NA,NA,19,NA,NA,NA,NA,108,124,42,3,1,NA,NA,2,46,11,118,148,3,43,224,210,NA,120,12,NA,NA,13,344,8,NA,NA,9,1,307,1087,234,5,1,2,NA,NA,NA,NA,NA,2,NA,1,153,NA,24,NA,NA,10,NA,2,24,178,137,NA,3,NA,35,NA,NA,NA,NA,40,99,443,NA,23,NA,11,1649,106,NA,NA,63,117,149,NA,NA,524,NA,99,15,167
38,"MIROC6","ssp245","r1i1p1f1","2021_2040",2633,98,NA,17,59,15,1,NA,1,3796,NA,NA,11909,69,21,NA,NA,81,NA,1644,NA,2052,793,3,267,97,1,1,71,471,59,22,630,1453,216,NA,3891,1168,NA,155,5,525,240,601,295,379,NA,9,NA,6,7,NA,NA,3,NA,9,29,NA,3,5,NA,11,3,21,NA,NA,3,NA,NA,NA,63,NA,6,45,3,6,212,97,103,NA,12,NA,15,6,NA,NA,225,358,3,1,336,11,17,74,13,9,NA,30,80,116,NA,NA,NA,22,43,NA,NA,137,NA,NA,NA,NA,24,NA,NA,NA,NA,NA,NA,67,NA,24,NA,NA,NA,509,61,74,798,441,NA,NA,NA,2,1,5,48,257,360,120,34,140,250,NA,67,734,45,NA,12,13,90,NA,3,18,NA,NA,NA,2,113,171,105,6,2,NA,NA,NA,79,23,142,156,4,52,384,330,NA,226,20,NA,NA,16,367,10,NA,NA,13,NA,401,1235,253,22,1,9,NA,NA,NA,NA,NA,1,NA,14,222,NA,32,NA,NA,20,NA,NA,49,256,194,NA,18,NA,11,NA,NA,NA,90,3,122,713,NA,220,NA,61,1797,100,NA,NA,162,256,272,NA,NA,778,1,145,70,204
39,"MIROC6","ssp245","r2i1p1f1","2021_2040",1947,33,NA,NA,22,NA,NA,NA,NA,2214,NA,NA,6158,269,NA,NA,NA,6,NA,1495,3,1606,92,NA,89,71,1,NA,20,267,4,20,77,1318,136,6,2497,420,NA,13,NA,444,72,405,50,186,NA,4,4,NA,NA,NA,NA,1,NA,2,5,NA,NA,NA,NA,NA,NA,2,NA,NA,4,NA,NA,NA,16,NA,1,13,NA,1,33,22,NA,NA,6,NA,4,NA,NA,NA,127,230,NA,NA,108,NA,1,1,NA,NA,NA,10,1,NA,NA,NA,NA,7,26,NA,NA,13,NA,NA,NA,3,1,NA,NA,NA,NA,NA,NA,42,NA,1,NA,NA,1,331,5,2,425,48,1,NA,NA,8,NA,1,18,146,276,78,1,121,191,NA,11,494,1,NA,NA,18,39,NA,NA,12,NA,NA,NA,NA,51,69,16,NA,NA,NA,NA,NA,46,1,78,146,1,34,68,126,NA,35,7,NA,NA,7,282,5,NA,NA,1,1,202,793,74,NA,NA,NA,NA,NA,NA,NA,NA,NA,NA,NA,62,NA,19,NA,NA,NA,NA,NA,1,108,64,NA,NA,NA,30,NA,NA,NA,NA,17,17,95,NA,1,NA,NA,1360,64,NA,NA,3,18,60,NA,NA,330,NA,55,6,84
40,"MIROC6","ssp245","r3i1p1f1","2021_2040",2149,54,NA,2,35,2,NA,NA,NA,2919,NA,NA,12673,2038,1,NA,NA,5,NA,1752,3,2121,349,1,140,60,1,NA,92,364,39,20,594,1893,363,15,3391,759,NA,142,3,585,178,499,78,273,NA,8,NA,NA,NA,NA,NA,NA,NA,9,6,NA,NA,3,NA,1,4,9,NA,NA,1,NA,NA,NA,8,NA,1,17,NA,NA,153,95,71,1,1,1,18,7,1,4,159,237,NA,NA,140,NA,1,3,7,NA,NA,13,17,2,NA,NA,NA,6,34,NA,NA,41,NA,NA,NA,2,3,NA,NA,NA,NA,NA,NA,61,NA,17,NA,NA,1,343,NA,2,403,184,NA,NA,NA,NA,NA,1,27,102,248,81,10,79,177,NA,30,414,NA,NA,NA,14,44,NA,NA,14,NA,NA,NA,NA,131,78,4,4,NA,NA,NA,NA,35,13,88,135,NA,34,94,138,NA,71,1,NA,NA,4,345,7,NA,NA,2,1,358,1132,338,10,1,5,NA,NA,NA,NA,NA,NA,NA,NA,110,NA,22,NA,NA,1,NA,NA,41,120,106,NA,1,NA,57,NA,NA,NA,NA,5,80,534,NA,25,NA,NA,1601,107,NA,NA,42,60,161,NA,NA,342,NA,86,24,191
41,"MPI-ESM1-2-HR","ssp245","ensembleMean","2021_2040",4046,111,NA,9,82,19,8,NA,NA,4762,NA,NA,6873,2060,NA,67,NA,76,NA,1831,7,2185,573,4,220,85,1,5,145,556,33,21,196,1192,377,26,3224,1347,1,268,13,557,219,605,147,309,NA,NA,2,12,4,NA,NA,2,NA,86,46,1,27,1,3,5,1,191,2,13,16,NA,NA,NA,45,3,53,68,2,5,157,823,364,1,33,NA,52,15,1,6,543,204,4,NA,177,NA,63,1,9,2,NA,13,10,8,NA,2,1,9,39,NA,3,202,1,NA,NA,5,5,NA,NA,NA,NA,NA,NA,63,1,11,NA,8,5,302,70,27,707,386,11,6,NA,1,9,61,180,359,236,79,80,201,157,NA,69,614,3,1,NA,29,51,NA,NA,81,NA,NA,1,1,128,90,110,70,39,NA,NA,NA,19,41,134,193,4,39,139,348,4,90,2,NA,NA,11,440,7,NA,NA,12,1,532,1462,348,9,1,9,NA,NA,NA,NA,NA,56,NA,1,139,NA,107,NA,NA,1,NA,NA,79,96,175,NA,14,11,1,6,2,2,615,16,143,499,NA,755,6,36,1565,106,4,NA,103,156,175,3,NA,291,5,239,157,239
42,"MPI-ESM1-2-HR","ssp245","r1i1p1f1","2021_2040",5006,108,NA,9,64,13,21,6,NA,5496,NA,NA,10028,2967,NA,34,NA,222,NA,2043,3,2060,757,7,244,82,1,25,191,580,28,22,476,1412,409,19,3527,1651,2,310,18,670,276,692,251,421,NA,NA,NA,3,4,NA,2,1,NA,97,18,NA,29,2,1,3,1,329,4,22,2,3,1,NA,66,NA,77,76,3,3,29,1207,402,8,46,NA,53,12,NA,7,710,105,2,NA,215,5,55,7,8,1,NA,12,3,7,NA,1,NA,8,40,NA,2,316,2,3,NA,3,4,NA,NA,NA,NA,NA,NA,56,5,5,NA,8,15,170,57,NA,787,497,2,NA,NA,1,10,62,216,326,100,79,92,231,86,NA,126,722,NA,1,NA,3,33,NA,NA,103,NA,NA,NA,NA,61,38,NA,44,21,NA,NA,NA,11,82,36,209,4,33,65,297,4,30,NA,NA,NA,19,428,6,NA,NA,15,4,667,1732,670,14,3,19,NA,NA,NA,NA,NA,78,NA,NA,80,NA,105,NA,NA,NA,NA,NA,58,32,205,NA,NA,10,NA,105,7,NA,876,1,33,312,NA,1794,3,10,1397,98,NA,NA,48,55,327,12,NA,978,136,401,389,219
43,"MPI-ESM1-2-HR","ssp245","r2i1p1f1","2021_2040",3349,94,NA,10,86,26,NA,NA,NA,4032,NA,NA,4517,1419,NA,8,NA,10,NA,1561,7,2197,360,3,171,87,1,1,76,517,42,20,111,1014,357,25,2864,971,4,225,11,420,174,478,99,141,NA,NA,2,18,3,NA,NA,3,NA,74,86,NA,10,4,4,7,6,90,1,6,10,NA,NA,NA,48,3,31,54,NA,5,201,478,227,NA,17,NA,46,18,2,6,397,281,4,1,260,NA,76,3,5,4,NA,13,20,8,NA,2,1,11,39,NA,2,112,NA,NA,NA,5,9,NA,NA,NA,NA,NA,NA,65,NA,12,NA,8,1,404,86,55,655,267,12,15,NA,1,11,38,132,338,323,89,50,161,193,NA,31,702,63,NA,13,33,60,NA,NA,42,NA,NA,1,2,206,134,174,64,56,1,NA,1,54,25,193,163,4,50,217,312,1,144,6,NA,NA,11,421,7,1,NA,9,1,368,1198,131,18,NA,5,NA,NA,NA,NA,NA,45,1,6,166,NA,83,NA,NA,2,NA,NA,67,165,168,NA,76,1,25,9,NA,5,160,41,178,476,NA,264,NA,68,1613,98,1,NA,119,181,115,NA,NA,57,NA,85,32,222
44,"MRI-ESM2-0","ssp245","ensembleMean","2021_2040",1093,32,NA,1,9,NA,NA,NA,NA,1315,NA,NA,7205,NA,NA,NA,NA,7,NA,1472,3,1385,138,1,114,47,1,NA,30,285,NA,18,19,875,153,13,2364,510,NA,78,NA,568,143,330,58,183,NA,7,1,NA,NA,NA,NA,NA,NA,2,NA,NA,NA,NA,NA,NA,NA,1,NA,NA,NA,NA,NA,NA,21,NA,1,NA,NA,NA,57,2,10,NA,1,NA,3,9,NA,2,117,208,NA,NA,94,NA,2,NA,NA,NA,NA,6,1,10,NA,NA,NA,1,21,NA,NA,13,NA,NA,NA,1,NA,NA,NA,NA,NA,NA,NA,NA,NA,NA,NA,NA,2,350,3,2,367,71,NA,NA,NA,6,NA,2,30,16,268,87,4,55,180,NA,24,475,NA,NA,NA,8,24,NA,NA,NA,NA,NA,NA,NA,34,48,NA,NA,1,NA,NA,NA,46,2,42,142,1,19,65,129,NA,61,NA,NA,NA,8,187,8,NA,NA,2,1,58,645,197,NA,NA,1,NA,NA,NA,NA,NA,NA,NA,NA,67,NA,18,NA,NA,NA,NA,NA,NA,96,76,NA,NA,NA,NA,NA,NA,NA,NA,8,37,389,NA,6,NA,NA,1572,NA,NA,NA,75,101,97,NA,NA,297,NA,NA,10,156
45,"MRI-ESM2-0","ssp245","r1i1p1f1","2021_2040",1093,32,NA,1,9,NA,NA,NA,NA,1315,NA,NA,7205,NA,NA,NA,NA,7,NA,1472,3,1385,138,1,114,47,1,NA,30,285,NA,18,19,875,153,13,2364,510,NA,78,NA,568,143,330,58,183,NA,7,1,NA,NA,NA,NA,NA,NA,2,NA,NA,NA,NA,NA,NA,NA,1,NA,NA,NA,NA,NA,NA,21,NA,1,NA,NA,NA,57,2,10,NA,1,NA,3,9,NA,2,117,208,NA,NA,94,NA,2,NA,NA,NA,NA,6,1,10,NA,NA,NA,1,21,NA,NA,13,NA,NA,NA,1,NA,NA,NA,NA,NA,NA,NA,NA,NA,NA,NA,NA,2,350,3,2,367,71,NA,NA,NA,6,NA,2,30,16,268,87,4,55,180,NA,24,475,NA,NA,NA,8,24,NA,NA,NA,NA,NA,NA,NA,34,48,NA,NA,1,NA,NA,NA,46,2,42,142,1,19,65,129,NA,61,NA,NA,NA,8,187,8,NA,NA,2,1,58,645,197,NA,NA,1,NA,NA,NA,NA,NA,NA,NA,NA,67,NA,18,NA,NA,NA,NA,NA,NA,96,76,NA,NA,NA,NA,NA,NA,NA,NA,8,37,389,NA,6,NA,NA,1572,NA,NA,NA,75,101,97,NA,NA,297,NA,NA,10,156
46,"ensembleMean","ssp245","ensembleMean","2021_2040",1665,49,NA,9,48,11,NA,NA,NA,2813,NA,NA,10258,397,NA,NA,NA,13,NA,1486,1,1672,490,1,181,74,1,2,63,393,20,20,267,1204,255,16,3258,587,NA,130,3,555,154,442,96,322,NA,7,2,NA,NA,NA,NA,3,NA,25,7,NA,NA,1,NA,1,2,14,NA,NA,1,NA,NA,NA,16,NA,5,10,NA,NA,123,69,47,NA,5,NA,8,7,NA,2,182,266,NA,NA,91,NA,1,NA,1,NA,NA,7,1,1,NA,1,NA,10,32,NA,NA,27,NA,NA,NA,1,NA,NA,NA,NA,NA,NA,NA,14,NA,1,NA,NA,1,379,25,16,478,210,NA,1,NA,7,2,4,56,165,301,92,14,103,210,NA,26,532,NA,NA,NA,32,60,1,NA,19,NA,NA,NA,NA,75,83,42,2,9,NA,NA,1,49,11,134,157,3,47,156,189,NA,115,8,NA,NA,10,295,9,NA,NA,4,1,144,803,207,1,NA,1,NA,NA,NA,NA,NA,1,NA,NA,119,NA,33,NA,NA,NA,NA,NA,6,147,114,NA,4,NA,1,NA,NA,NA,NA,24,100,404,NA,20,NA,3,1683,115,NA,NA,62,104,143,NA,NA,371,NA,40,18,164
47,"ACCESS-ESM1-5","ssp245","ensembleMean","2041_2060",134,1,NA,NA,NA,NA,NA,NA,NA,733,NA,NA,794,NA,NA,NA,NA,NA,NA,1067,NA,213,NA,NA,12,13,NA,NA,NA,1,NA,7,103,288,70,NA,2051,5,NA,NA,NA,133,NA,13,NA,3,NA,NA,NA,NA,NA,NA,NA,NA,NA,NA,NA,NA,NA,NA,NA,NA,NA,NA,NA,NA,NA,NA,NA,NA,NA,NA,NA,NA,NA,NA,NA,NA,NA,NA,NA,NA,NA,NA,NA,NA,NA,6,NA,NA,NA,NA,NA,NA,NA,NA,NA,NA,NA,NA,NA,NA,NA,NA,NA,NA,NA,NA,NA,NA,NA,NA,NA,NA,NA,NA,NA,NA,NA,NA,NA,NA,NA,NA,NA,25,NA,NA,47,NA,NA,NA,NA,NA,NA,NA,1,14,135,6,NA,NA,15,NA,NA,219,NA,NA,NA,NA,NA,NA,NA,NA,NA,NA,NA,NA,NA,NA,NA,NA,NA,NA,NA,NA,1,NA,3,72,NA,7,NA,5,NA,NA,NA,NA,NA,NA,33,NA,NA,NA,NA,NA,NA,144,3,NA,NA,NA,NA,NA,NA,NA,NA,NA,NA,NA,NA,NA,NA,NA,NA,NA,NA,NA,NA,NA,8,NA,NA,NA,NA,NA,NA,NA,NA,NA,NA,NA,NA,NA,NA,NA,196,NA,NA,NA,NA,NA,NA,NA,NA,NA,NA,NA,NA,7
48,"ACCESS-ESM1-5","ssp245","r10i1p1f1","2041_2060",99,NA,NA,NA,NA,NA,NA,NA,NA,734,NA,NA,1083,NA,NA,NA,NA,NA,NA,857,NA,253,36,NA,104,16,NA,NA,NA,2,NA,NA,11,120,15,NA,1557,5,NA,NA,NA,69,NA,5,NA,2,NA,NA,NA,NA,NA,NA,NA,NA,NA,NA,NA,NA,NA,NA,NA,NA,NA,NA,NA,NA,NA,NA,NA,NA,NA,NA,NA,NA,NA,NA,NA,NA,NA,NA,NA,NA,NA,NA,NA,NA,NA,21,NA,NA,NA,NA,NA,NA,NA,NA,NA,NA,NA,NA,NA,NA,NA,NA,NA,NA,NA,NA,NA,NA,NA,NA,NA,NA,NA,NA,NA,NA,NA,NA,NA,NA,NA,NA,NA,230,NA,1,20,NA,NA,NA,NA,NA,NA,NA,2,77,285,16,NA,NA,39,NA,NA,222,NA,NA,NA,17,8,NA,NA,1,NA,NA,NA,NA,NA,4,NA,NA,NA,NA,NA,NA,8,NA,28,112,NA,15,6,8,NA,NA,NA,NA,NA,NA,15,NA,NA,NA,NA,NA,NA,162,NA,NA,NA,NA,NA,NA,NA,NA,NA,NA,NA,NA,2,NA,NA,NA,NA,NA,NA,NA,NA,9,26,NA,NA,NA,NA,NA,NA,NA,NA,NA,NA,NA,NA,NA,NA,NA,8,NA,NA,NA,NA,NA,NA,NA,NA,NA,NA,NA,NA,7
49,"ACCESS-ESM1-5","ssp245","r1i1p1f1","2041_2060",130,1,NA,NA,NA,NA,NA,NA,NA,685,NA,NA,463,NA,NA,NA,NA,NA,NA,1086,NA,108,NA,NA,6,9,NA,NA,NA,NA,NA,5,34,296,53,NA,1732,NA,NA,NA,NA,94,NA,11,NA,NA,NA,NA,NA,NA,NA,NA,NA,NA,NA,NA,NA,NA,NA,NA,NA,NA,NA,NA,NA,NA,NA,NA,NA,NA,NA,NA,NA,NA,NA,NA,NA,NA,NA,NA,NA,NA,NA,NA,NA,NA,NA,NA,NA,NA,NA,NA,NA,NA,NA,NA,NA,NA,NA,NA,NA,NA,NA,NA,NA,NA,NA,NA,NA,NA,NA,NA,NA,NA,NA,NA,NA,NA,NA,NA,NA,NA,NA,NA,NA,1,NA,NA,34,NA,NA,NA,NA,NA,NA,NA,NA,6,103,NA,NA,NA,3,NA,NA,134,NA,NA,NA,NA,NA,NA,NA,NA,NA,NA,NA,NA,NA,NA,NA,NA,NA,NA,NA,NA,NA,NA,NA,56,NA,3,NA,5,NA,NA,NA,NA,NA,NA,19,NA,NA,NA,NA,NA,NA,117,1,NA,NA,NA,NA,NA,NA,NA,NA,NA,NA,NA,NA,NA,NA,NA,NA,NA,NA,NA,NA,NA,4,NA,NA,NA,NA,NA,NA,NA,NA,NA,NA,NA,NA,NA,NA,NA,47,NA,NA,NA,NA,NA,NA,NA,NA,NA,NA,NA,NA,3
50,"ACCESS-ESM1-5","ssp245","r2i1p1f1","2041_2060",153,NA,NA,NA,NA,NA,NA,NA,NA,1200,NA,NA,1451,NA,NA,NA,NA,NA,NA,930,NA,88,NA,NA,6,3,NA,NA,NA,NA,NA,6,14,236,18,NA,1499,NA,NA,NA,NA,96,NA,8,NA,1,NA,1,NA,NA,NA,NA,NA,NA,NA,NA,NA,NA,NA,NA,NA,NA,NA,NA,NA,NA,NA,NA,NA,NA,NA,NA,NA,NA,NA,NA,NA,NA,NA,NA,NA,NA,NA,NA,NA,NA,NA,NA,NA,NA,NA,NA,NA,NA,NA,NA,NA,NA,NA,NA,NA,NA,NA,NA,NA,NA,NA,NA,NA,NA,NA,NA,NA,NA,NA,NA,NA,NA,NA,NA,NA,NA,NA,NA,NA,5,NA,NA,36,NA,NA,NA,NA,NA,NA,NA,NA,3,100,NA,NA,NA,NA,NA,NA,103,NA,NA,NA,NA,NA,NA,NA,NA,NA,NA,NA,NA,NA,NA,NA,NA,NA,NA,NA,NA,NA,NA,NA,61,NA,5,NA,5,NA,NA,NA,NA,NA,NA,23,NA,NA,NA,NA,NA,NA,156,NA,NA,NA,NA,NA,NA,NA,NA,NA,NA,NA,NA,NA,NA,NA,NA,NA,NA,NA,NA,NA,NA,5,NA,NA,NA,NA,NA,NA,NA,NA,NA,NA,NA,NA,NA,NA,NA,131,NA,NA,NA,NA,NA,NA,NA,NA,NA,NA,NA,NA,9
51,"EC-Earth3","ssp245","ensembleMean","2041_2060",64,NA,NA,NA,NA,NA,NA,NA,NA,501,NA,NA,2112,NA,NA,NA,NA,1,NA,973,NA,1111,366,NA,45,27,1,NA,5,118,NA,20,782,600,149,2,3041,26,NA,NA,NA,248,3,71,36,198,NA,4,1,NA,NA,NA,NA,NA,NA,NA,NA,NA,NA,NA,NA,NA,NA,NA,NA,NA,NA,NA,NA,NA,NA,NA,NA,NA,NA,NA,1,NA,NA,NA,NA,NA,NA,NA,NA,NA,NA,8,NA,NA,NA,NA,NA,NA,NA,NA,NA,NA,NA,NA,NA,NA,NA,NA,NA,NA,NA,NA,NA,NA,NA,NA,NA,NA,NA,NA,NA,NA,NA,NA,NA,NA,NA,NA,NA,36,NA,NA,55,2,NA,NA,NA,NA,NA,NA,NA,NA,261,NA,1,NA,11,NA,4,176,NA,NA,NA,NA,NA,NA,NA,NA,NA,NA,NA,NA,3,13,NA,NA,NA,NA,NA,NA,NA,NA,5,95,NA,9,NA,15,NA,18,NA,NA,NA,NA,54,NA,NA,NA,2,NA,3,132,1,NA,NA,NA,NA,NA,NA,NA,NA,NA,NA,NA,7,NA,NA,NA,NA,NA,NA,NA,NA,1,8,NA,NA,NA,NA,NA,NA,NA,NA,NA,NA,NA,NA,NA,NA,NA,874,NA,NA,NA,NA,NA,NA,NA,NA,NA,NA,NA,NA,15
52,"EC-Earth3","ssp245","r15i1p1f1","2041_2060",192,NA,NA,NA,8,NA,NA,NA,NA,1194,NA,NA,9261,170,NA,NA,NA,4,NA,1079,NA,1405,435,1,75,26,1,NA,15,227,NA,20,412,760,197,8,3345,149,NA,12,NA,332,17,131,60,259,NA,2,NA,NA,NA,NA,NA,NA,NA,NA,NA,NA,NA,NA,NA,NA,NA,NA,NA,NA,NA,NA,NA,NA,3,NA,NA,NA,NA,NA,16,NA,NA,NA,NA,NA,NA,NA,NA,1,5,43,NA,NA,19,NA,NA,NA,NA,NA,NA,NA,NA,NA,NA,NA,NA,NA,2,NA,NA,NA,NA,NA,NA,1,NA,NA,NA,NA,NA,NA,NA,NA,NA,NA,NA,NA,NA,141,NA,NA,128,19,NA,NA,NA,NA,NA,NA,NA,3,240,7,3,NA,37,NA,5,258,NA,NA,NA,7,3,NA,NA,1,NA,NA,NA,NA,11,9,NA,NA,NA,NA,NA,NA,21,NA,25,117,1,15,15,50,NA,52,NA,NA,NA,NA,102,1,NA,NA,2,NA,43,291,13,NA,NA,NA,NA,NA,NA,NA,NA,NA,NA,NA,24,NA,11,NA,NA,NA,NA,NA,NA,26,28,NA,NA,NA,NA,NA,NA,NA,NA,NA,1,NA,NA,NA,NA,NA,996,NA,NA,NA,NA,NA,15,NA,NA,NA,NA,NA,NA,60
53,"EC-Earth3","ssp245","r1i1p1f1","2041_2060",39,NA,NA,NA,NA,NA,NA,NA,NA,502,NA,NA,2748,13,NA,NA,NA,NA,NA,790,NA,1044,214,NA,29,33,1,NA,2,97,8,20,815,499,103,1,2827,27,NA,NA,NA,262,10,74,16,165,NA,1,1,NA,NA,NA,NA,NA,NA,NA,NA,NA,NA,NA,NA,NA,NA,NA,NA,NA,NA,NA,NA,NA,NA,NA,NA,NA,NA,NA,NA,NA,NA,NA,NA,1,NA,NA,NA,NA,NA,3,NA,NA,NA,NA,NA,NA,NA,NA,NA,NA,NA,NA,NA,NA,NA,NA,NA,NA,NA,NA,NA,NA,NA,NA,NA,NA,NA,NA,NA,NA,NA,NA,NA,NA,NA,NA,NA,NA,NA,NA,89,11,NA,NA,NA,NA,NA,NA,NA,NA,171,NA,NA,NA,2,NA,3,104,NA,NA,NA,NA,NA,NA,NA,NA,NA,NA,NA,NA,2,11,NA,NA,NA,NA,NA,NA,NA,NA,5,87,NA,14,NA,6,NA,7,NA,NA,NA,NA,49,NA,NA,NA,NA,NA,3,131,1,NA,NA,NA,NA,NA,NA,NA,NA,NA,NA,NA,NA,NA,1,NA,NA,NA,NA,NA,NA,NA,9,NA,NA,NA,NA,NA,NA,NA,NA,NA,NA,NA,NA,NA,NA,NA,749,NA,NA,NA,NA,NA,NA,NA,NA,NA,NA,NA,NA,21
54,"EC-Earth3","ssp245","r4i1p1f1","2041_2060",100,NA,NA,NA,NA,NA,NA,NA,NA,492,NA,NA,2126,NA,NA,NA,NA,3,NA,1004,NA,1130,529,NA,141,24,1,NA,4,138,4,20,883,678,282,2,3013,34,NA,31,NA,294,7,49,87,200,NA,5,NA,NA,NA,NA,NA,NA,NA,NA,NA,NA,NA,NA,NA,NA,NA,NA,NA,NA,NA,NA,NA,NA,1,NA,NA,NA,NA,NA,14,NA,NA,NA,NA,NA,NA,1,NA,NA,NA,23,NA,NA,1,NA,NA,NA,NA,NA,NA,NA,NA,NA,NA,NA,NA,NA,NA,NA,NA,NA,NA,NA,NA,NA,NA,NA,NA,NA,NA,NA,NA,NA,NA,NA,NA,NA,NA,64,NA,NA,68,15,NA,NA,NA,NA,NA,NA,NA,NA,296,NA,1,NA,67,NA,6,282,NA,NA,NA,NA,NA,NA,NA,NA,NA,NA,NA,NA,12,10,NA,NA,NA,NA,NA,NA,1,NA,10,120,NA,9,5,37,NA,56,NA,NA,NA,NA,70,NA,NA,NA,2,NA,1,115,4,NA,NA,NA,NA,NA,NA,NA,NA,NA,NA,NA,37,NA,NA,NA,NA,NA,NA,NA,NA,3,22,NA,NA,NA,NA,NA,NA,NA,NA,NA,NA,77,NA,NA,NA,NA,1061,NA,NA,NA,NA,NA,14,NA,NA,NA,NA,NA,NA,16
55,"GISS-E2-1-G","ssp245","ensembleMean","2041_2060",1066,NA,NA,1,10,NA,NA,NA,NA,1231,NA,NA,3495,NA,NA,NA,NA,NA,NA,1486,NA,955,492,1,194,70,1,NA,2,193,39,22,818,1438,424,1,3588,245,NA,57,NA,526,125,273,26,279,NA,2,NA,NA,NA,NA,NA,NA,NA,NA,NA,NA,NA,NA,NA,NA,NA,NA,NA,NA,NA,NA,NA,NA,NA,NA,1,NA,NA,NA,11,NA,NA,NA,NA,NA,2,1,NA,NA,154,271,NA,NA,45,NA,NA,NA,NA,NA,NA,3,NA,NA,NA,NA,NA,NA,9,NA,NA,1,NA,NA,NA,NA,NA,NA,NA,NA,NA,NA,NA,NA,NA,NA,NA,NA,1,398,1,NA,347,168,NA,NA,NA,NA,NA,NA,20,63,371,77,NA,1,215,NA,19,511,NA,NA,NA,NA,36,NA,NA,NA,NA,NA,NA,NA,18,53,NA,NA,NA,NA,NA,NA,41,NA,105,135,NA,27,85,135,NA,84,NA,NA,NA,NA,124,6,NA,NA,NA,NA,7,443,170,NA,NA,NA,NA,NA,NA,NA,NA,NA,NA,NA,59,NA,5,NA,NA,NA,NA,NA,NA,73,109,NA,NA,NA,NA,NA,NA,NA,NA,NA,NA,14,NA,NA,NA,NA,1237,20,NA,NA,3,4,90,NA,NA,92,NA,22,5,100
56,"GISS-E2-1-G","ssp245","r1i1p3f1","2041_2060",1118,NA,NA,NA,1,NA,NA,NA,NA,872,NA,NA,3096,2,NA,NA,NA,NA,NA,1373,NA,1356,334,NA,126,42,1,NA,1,188,18,22,928,1018,286,3,3229,161,NA,9,NA,458,88,187,8,212,NA,1,NA,NA,NA,NA,NA,NA,NA,3,NA,NA,NA,NA,NA,NA,NA,NA,NA,NA,NA,NA,NA,NA,NA,NA,NA,NA,NA,NA,6,NA,NA,NA,NA,NA,4,2,NA,2,190,192,NA,NA,20,NA,NA,NA,NA,NA,NA,NA,NA,NA,NA,NA,NA,NA,10,NA,NA,1,NA,NA,NA,NA,NA,NA,NA,NA,NA,NA,NA,2,NA,NA,NA,NA,2,309,NA,NA,300,191,NA,NA,NA,NA,NA,NA,6,3,284,28,2,NA,160,NA,6,349,NA,NA,NA,3,11,NA,NA,NA,NA,NA,NA,NA,35,39,NA,NA,NA,NA,NA,NA,32,NA,39,122,NA,22,10,54,NA,NA,NA,NA,NA,NA,129,1,NA,NA,NA,NA,18,404,91,NA,NA,NA,NA,NA,NA,NA,NA,NA,NA,NA,35,NA,2,NA,NA,NA,NA,NA,NA,3,49,NA,NA,NA,NA,NA,NA,NA,NA,NA,NA,NA,NA,NA,NA,NA,955,12,NA,NA,NA,NA,57,NA,NA,93,NA,8,NA,60
57,"GISS-E2-1-G","ssp245","r2i1p3f1","2041_2060",1214,7,NA,8,26,6,NA,NA,NA,1918,NA,NA,10488,19,22,NA,NA,4,NA,1502,NA,435,433,3,213,88,1,NA,18,177,34,20,281,1019,543,7,3547,495,NA,64,2,578,183,359,85,295,NA,3,1,NA,NA,NA,NA,NA,NA,3,NA,NA,NA,NA,NA,NA,NA,NA,NA,NA,NA,NA,NA,NA,8,NA,3,NA,NA,NA,49,23,1,NA,1,NA,NA,1,NA,NA,243,264,NA,NA,71,NA,1,NA,NA,NA,NA,NA,NA,3,NA,NA,NA,7,8,NA,NA,NA,NA,NA,NA,NA,NA,NA,NA,NA,NA,NA,NA,NA,NA,NA,NA,NA,3,364,5,3,628,322,NA,NA,NA,4,1,2,44,60,378,81,NA,39,257,NA,52,575,NA,NA,NA,12,87,NA,NA,17,NA,NA,NA,NA,6,4,NA,NA,8,NA,NA,NA,50,1,133,163,4,41,94,163,NA,67,NA,NA,NA,9,158,3,NA,NA,NA,NA,16,497,142,NA,NA,1,NA,NA,NA,NA,NA,NA,NA,NA,20,NA,21,NA,NA,NA,NA,NA,NA,128,154,NA,NA,NA,NA,NA,NA,NA,NA,1,NA,578,NA,11,NA,NA,1747,139,NA,NA,199,111,307,NA,NA,692,NA,46,3,154
58,"GISS-E2-1-G","ssp245","r3i1p3f1","2041_2060",1269,NA,NA,6,8,NA,NA,NA,NA,978,NA,NA,2450,NA,NA,NA,NA,4,NA,1607,NA,767,691,1,212,76,1,NA,1,174,39,22,841,1738,503,1,3659,230,NA,22,NA,528,114,216,58,282,NA,1,NA,NA,NA,NA,NA,NA,NA,NA,NA,NA,NA,NA,NA,NA,NA,NA,NA,NA,NA,NA,NA,NA,1,NA,1,NA,NA,NA,NA,NA,NA,NA,NA,NA,1,NA,NA,NA,125,318,NA,NA,52,NA,NA,NA,NA,NA,NA,7,3,NA,NA,NA,NA,7,9,NA,NA,3,NA,NA,NA,NA,NA,NA,NA,NA,NA,NA,NA,NA,NA,NA,NA,NA,NA,443,NA,8,272,129,NA,NA,NA,NA,NA,NA,24,57,387,97,1,1,244,NA,17,535,NA,NA,NA,NA,54,NA,NA,NA,NA,NA,NA,NA,21,70,NA,NA,1,NA,NA,NA,47,NA,106,134,2,17,178,169,NA,105,1,NA,NA,NA,114,5,NA,NA,NA,NA,7,353,198,NA,NA,NA,NA,NA,NA,NA,NA,NA,NA,NA,84,NA,10,NA,NA,NA,NA,NA,NA,146,112,NA,NA,NA,NA,NA,NA,NA,NA,NA,NA,NA,NA,NA,NA,2,709,NA,NA,NA,NA,9,34,NA,NA,33,NA,26,NA,95
59,"MIROC6","ssp245","ensembleMean","2041_2060",759,9,NA,NA,2,NA,NA,NA,NA,1692,NA,NA,4570,27,NA,NA,NA,NA,NA,1185,NA,1546,164,NA,93,45,1,NA,15,181,9,20,487,697,207,10,3088,360,NA,24,NA,278,72,233,28,219,NA,1,NA,NA,NA,NA,NA,NA,NA,NA,NA,NA,NA,NA,NA,NA,NA,1,NA,NA,NA,NA,NA,NA,1,NA,NA,NA,NA,NA,5,10,NA,NA,NA,NA,1,1,NA,NA,6,84,NA,NA,44,NA,NA,NA,NA,NA,NA,1,NA,NA,NA,NA,NA,NA,3,NA,NA,3,NA,NA,NA,1,NA,NA,NA,NA,NA,NA,NA,6,NA,1,NA,NA,NA,312,1,1,261,46,NA,NA,NA,NA,NA,NA,NA,93,313,25,NA,75,60,NA,4,332,NA,NA,NA,5,31,NA,NA,2,NA,NA,NA,NA,10,58,NA,NA,NA,NA,NA,NA,21,1,54,118,NA,25,29,79,NA,33,NA,NA,NA,NA,129,1,NA,NA,NA,1,78,487,27,NA,NA,NA,NA,NA,NA,NA,NA,NA,NA,NA,35,NA,1,NA,NA,NA,NA,NA,NA,43,55,NA,NA,NA,6,NA,NA,NA,NA,NA,1,5,NA,NA,NA,NA,1099,8,NA,NA,NA,NA,53,NA,NA,17,NA,1,NA,88
60,"MIROC6","ssp245","r1i1p1f1","2041_2060",513,NA,NA,NA,2,NA,NA,NA,NA,1038,NA,NA,1346,NA,NA,NA,NA,2,NA,1311,NA,1738,363,NA,133,43,1,NA,6,230,26,20,914,936,304,4,3254,238,NA,10,NA,251,53,215,54,245,NA,5,NA,NA,NA,NA,NA,1,NA,NA,NA,NA,NA,NA,NA,NA,NA,NA,NA,NA,2,NA,NA,NA,12,NA,NA,NA,NA,NA,NA,NA,NA,NA,NA,NA,6,2,NA,NA,NA,100,NA,NA,44,NA,NA,NA,NA,NA,NA,5,NA,NA,NA,NA,NA,NA,5,NA,NA,NA,NA,NA,NA,1,1,NA,NA,NA,NA,NA,NA,5,NA,1,NA,NA,NA,342,4,5,190,54,NA,NA,NA,NA,NA,NA,NA,91,335,47,NA,27,93,NA,3,411,NA,NA,NA,2,23,NA,NA,NA,NA,NA,NA,NA,24,85,NA,NA,NA,NA,NA,NA,41,NA,51,113,NA,18,63,105,NA,88,6,NA,NA,NA,141,5,NA,NA,NA,NA,66,472,26,NA,NA,NA,NA,NA,NA,NA,NA,NA,NA,NA,110,NA,6,NA,NA,NA,NA,NA,NA,67,53,NA,NA,NA,NA,NA,NA,NA,NA,15,NA,NA,NA,NA,NA,NA,1152,NA,NA,NA,NA,NA,2,NA,NA,NA,NA,NA,NA,24
61,"MIROC6","ssp245","r2i1p1f1","2041_2060",843,9,NA,NA,NA,NA,NA,NA,NA,1348,NA,NA,6196,1,NA,NA,NA,NA,NA,1259,1,1166,17,NA,29,35,1,NA,2,87,NA,15,30,628,70,4,2254,311,NA,14,NA,329,41,189,1,62,NA,3,NA,NA,NA,NA,NA,NA,NA,NA,NA,NA,NA,NA,NA,NA,NA,NA,NA,NA,NA,NA,NA,NA,1,NA,NA,NA,NA,NA,9,11,NA,NA,NA,NA,NA,NA,NA,NA,4,95,NA,NA,5,NA,NA,NA,NA,NA,NA,NA,1,NA,NA,NA,NA,NA,NA,NA,NA,NA,NA,NA,NA,1,NA,NA,NA,NA,NA,NA,NA,1,NA,NA,NA,NA,NA,310,NA,3,248,22,NA,NA,NA,NA,NA,NA,NA,163,322,3,NA,49,40,NA,4,267,NA,NA,NA,3,17,NA,NA,3,NA,NA,NA,NA,2,29,NA,NA,NA,NA,NA,1,NA,NA,48,99,NA,15,22,38,NA,6,NA,NA,NA,NA,134,NA,NA,NA,NA,NA,89,442,36,NA,NA,NA,NA,NA,NA,NA,NA,NA,NA,NA,8,NA,NA,NA,NA,NA,NA,NA,NA,37,20,NA,NA,NA,2,NA,NA,NA,NA,NA,NA,NA,NA,NA,NA,NA,923,7,NA,NA,NA,NA,60,NA,NA,35,NA,NA,NA,58
62,"MIROC6","ssp245","r3i1p1f1","2041_2060",856,5,NA,NA,4,NA,NA,NA,NA,2934,NA,NA,7458,733,NA,NA,NA,3,NA,1121,NA,1311,164,1,100,56,1,NA,36,208,6,20,446,524,140,9,3183,644,1,38,NA,251,93,222,46,271,NA,NA,1,NA,NA,NA,NA,NA,NA,NA,NA,NA,NA,NA,NA,NA,NA,NA,NA,NA,NA,NA,NA,NA,NA,NA,NA,NA,NA,NA,21,85,NA,NA,1,1,2,2,NA,NA,17,51,NA,NA,41,NA,NA,NA,NA,NA,NA,NA,NA,NA,NA,NA,NA,NA,10,NA,NA,6,NA,NA,NA,NA,NA,NA,NA,NA,NA,NA,NA,8,NA,1,NA,NA,1,214,NA,1,198,107,NA,NA,NA,NA,NA,NA,NA,14,251,17,NA,73,56,NA,3,297,NA,NA,NA,1,22,NA,NA,3,NA,NA,1,NA,25,40,NA,NA,NA,NA,NA,NA,23,2,20,135,NA,21,29,112,NA,29,NA,NA,NA,NA,148,3,NA,NA,NA,NA,89,525,33,NA,NA,NA,NA,NA,NA,NA,NA,NA,NA,NA,11,NA,2,NA,NA,NA,NA,NA,NA,26,70,NA,NA,NA,5,NA,NA,NA,NA,NA,6,14,NA,NA,NA,NA,945,17,NA,NA,NA,NA,54,NA,NA,85,NA,18,NA,169
63,"MPI-ESM1-2-HR","ssp245","ensembleMean","2041_2060",2693,52,NA,NA,42,3,NA,NA,NA,2550,NA,NA,2729,5,NA,NA,NA,4,NA,1715,3,1521,192,1,132,76,1,NA,41,266,4,20,80,1362,370,11,3091,432,NA,107,3,529,119,352,78,245,NA,8,2,NA,1,NA,NA,NA,NA,18,NA,NA,NA,NA,NA,NA,NA,3,NA,NA,NA,NA,NA,NA,12,NA,3,7,NA,NA,97,120,2,NA,3,3,NA,1,NA,NA,204,146,NA,NA,42,NA,7,NA,NA,NA,NA,NA,NA,2,NA,1,NA,2,15,NA,NA,48,NA,NA,NA,3,NA,NA,NA,NA,NA,NA,NA,8,NA,1,NA,NA,4,183,NA,9,628,176,NA,1,NA,NA,1,4,68,172,263,30,1,102,144,NA,23,460,NA,NA,NA,34,16,NA,NA,12,NA,NA,NA,NA,36,60,3,NA,10,NA,NA,NA,7,4,92,149,1,44,54,155,NA,42,NA,NA,NA,9,269,1,NA,NA,5,1,118,726,242,NA,NA,NA,NA,NA,NA,NA,NA,NA,NA,NA,51,NA,12,NA,NA,NA,NA,NA,11,93,111,NA,NA,NA,42,NA,NA,NA,NA,NA,32,62,NA,13,NA,NA,1234,96,NA,NA,2,12,103,NA,NA,10,NA,34,13,134
64,"MPI-ESM1-2-HR","ssp245","r1i1p1f1","2041_2060",3582,58,NA,NA,37,4,NA,NA,NA,2541,NA,NA,1659,4,NA,NA,NA,5,NA,1858,2,1522,283,1,188,101,1,NA,27,296,38,20,330,1779,534,14,3271,399,NA,221,3,532,112,462,85,270,NA,5,2,NA,1,NA,NA,1,NA,37,7,NA,NA,NA,NA,NA,NA,7,NA,NA,NA,NA,NA,NA,32,NA,5,4,NA,NA,64,146,NA,NA,1,NA,4,2,NA,NA,257,141,NA,NA,28,NA,3,NA,NA,NA,NA,NA,1,3,NA,NA,NA,NA,9,NA,NA,72,NA,NA,NA,4,NA,NA,NA,NA,NA,NA,NA,15,NA,6,NA,NA,6,166,56,45,765,259,1,NA,NA,1,4,6,100,322,291,18,1,97,159,NA,25,629,NA,NA,NA,46,17,NA,NA,14,NA,NA,NA,NA,40,79,16,NA,18,NA,NA,6,2,10,166,136,1,39,145,201,NA,35,NA,NA,NA,12,256,1,NA,NA,2,1,118,787,302,NA,1,NA,NA,NA,NA,NA,NA,9,NA,NA,49,NA,41,NA,NA,NA,NA,NA,6,109,115,NA,NA,NA,69,NA,NA,NA,NA,NA,18,18,NA,63,NA,NA,827,33,NA,NA,1,NA,16,NA,NA,5,NA,67,15,112
65,"MPI-ESM1-2-HR","ssp245","r2i1p1f1","2041_2060",1922,23,NA,NA,8,NA,NA,NA,NA,2524,NA,NA,3500,3,NA,NA,NA,3,NA,1523,3,1297,77,1,56,16,1,NA,36,185,NA,20,19,811,196,7,2421,430,NA,17,1,489,111,230,24,121,NA,8,3,NA,NA,NA,NA,2,NA,2,NA,NA,NA,NA,NA,NA,NA,2,NA,NA,NA,NA,NA,NA,2,NA,2,2,NA,NA,92,52,2,NA,NA,4,NA,6,NA,2,169,129,NA,NA,32,NA,5,NA,1,NA,NA,NA,NA,2,NA,1,NA,2,15,NA,NA,24,NA,NA,NA,1,NA,NA,NA,NA,NA,NA,NA,2,NA,NA,NA,NA,1,180,NA,NA,464,118,1,NA,NA,NA,NA,2,35,47,206,45,9,55,98,NA,13,336,NA,NA,NA,3,13,NA,NA,12,NA,NA,NA,NA,41,16,NA,NA,5,NA,NA,NA,16,NA,28,143,NA,29,17,76,NA,41,NA,NA,NA,4,257,3,NA,NA,NA,1,89,651,167,NA,NA,NA,NA,NA,NA,NA,NA,NA,NA,NA,50,NA,6,NA,NA,NA,NA,NA,1,45,75,NA,NA,NA,9,NA,NA,NA,NA,NA,10,48,NA,6,NA,NA,1475,61,NA,NA,7,22,140,NA,NA,17,NA,NA,13,159
66,"MRI-ESM2-0","ssp245","ensembleMean","2041_2060",419,NA,NA,1,NA,NA,NA,NA,NA,493,NA,NA,6285,NA,NA,NA,NA,NA,NA,1411,NA,789,400,1,112,45,1,NA,3,127,13,20,279,1192,251,9,3552,188,NA,29,NA,416,113,155,21,254,NA,2,NA,NA,NA,NA,NA,NA,NA,NA,NA,NA,NA,NA,NA,NA,NA,NA,NA,NA,NA,NA,NA,NA,4,NA,NA,NA,NA,NA,NA,NA,NA,NA,NA,NA,NA,NA,NA,NA,NA,73,NA,NA,48,NA,NA,NA,NA,NA,NA,NA,1,1,NA,NA,NA,NA,2,NA,NA,NA,NA,NA,NA,NA,NA,NA,NA,NA,NA,NA,NA,NA,NA,NA,NA,NA,2,280,2,NA,72,8,NA,NA,NA,NA,NA,NA,1,3,330,30,NA,NA,143,NA,12,385,NA,NA,NA,NA,11,NA,NA,NA,NA,NA,NA,NA,NA,46,NA,NA,NA,NA,NA,NA,21,NA,39,97,NA,1,39,45,NA,51,NA,NA,NA,NA,82,1,NA,NA,NA,NA,6,214,91,NA,NA,NA,NA,NA,NA,NA,NA,NA,NA,NA,14,NA,8,NA,NA,NA,NA,NA,NA,21,24,NA,NA,NA,NA,NA,NA,NA,NA,NA,NA,3,NA,NA,NA,NA,990,NA,NA,NA,13,14,52,NA,NA,34,NA,NA,NA,93
67,"MRI-ESM2-0","ssp245","r1i1p1f1","2041_2060",419,NA,NA,1,NA,NA,NA,NA,NA,493,NA,NA,6285,NA,NA,NA,NA,NA,NA,1411,NA,789,400,1,112,45,1,NA,3,127,13,20,279,1192,251,9,3552,188,NA,29,NA,416,113,155,21,254,NA,2,NA,NA,NA,NA,NA,NA,NA,NA,NA,NA,NA,NA,NA,NA,NA,NA,NA,NA,NA,NA,NA,NA,4,NA,NA,NA,NA,NA,NA,NA,NA,NA,NA,NA,NA,NA,NA,NA,NA,73,NA,NA,48,NA,NA,NA,NA,NA,NA,NA,1,1,NA,NA,NA,NA,2,NA,NA,NA,NA,NA,NA,NA,NA,NA,NA,NA,NA,NA,NA,NA,NA,NA,NA,NA,2,280,2,NA,72,8,NA,NA,NA,NA,NA,NA,1,3,330,30,NA,NA,143,NA,12,385,NA,NA,NA,NA,11,NA,NA,NA,NA,NA,NA,NA,NA,46,NA,NA,NA,NA,NA,NA,21,NA,39,97,NA,1,39,45,NA,51,NA,NA,NA,NA,82,1,NA,NA,NA,NA,6,214,91,NA,NA,NA,NA,NA,NA,NA,NA,NA,NA,NA,14,NA,8,NA,NA,NA,NA,NA,NA,21,24,NA,NA,NA,NA,NA,NA,NA,NA,NA,NA,3,NA,NA,NA,NA,990,NA,NA,NA,13,14,52,NA,NA,34,NA,NA,NA,93
68,"ensembleMean","ssp245","ensembleMean","2041_2060",478,5,NA,NA,4,NA,NA,NA,NA,960,NA,NA,3971,NA,NA,NA,NA,NA,NA,1203,NA,1046,235,NA,94,51,1,NA,2,114,8,20,288,845,231,5,3173,132,NA,23,NA,353,69,174,24,222,NA,1,NA,NA,NA,NA,NA,NA,NA,NA,NA,NA,NA,NA,NA,NA,NA,NA,NA,NA,NA,NA,NA,NA,2,NA,NA,NA,NA,NA,1,NA,NA,NA,NA,NA,NA,2,NA,NA,2,95,NA,NA,4,NA,NA,NA,NA,NA,NA,NA,NA,NA,NA,NA,NA,NA,NA,NA,NA,NA,NA,NA,NA,NA,NA,NA,NA,NA,NA,NA,NA,NA,NA,NA,NA,NA,NA,205,1,1,174,22,NA,NA,NA,NA,NA,NA,NA,17,313,24,2,6,104,NA,7,325,NA,NA,NA,13,10,NA,NA,2,NA,NA,NA,NA,2,10,NA,NA,NA,NA,NA,NA,19,NA,44,122,NA,24,20,58,NA,47,NA,NA,NA,NA,105,1,NA,NA,NA,NA,3,259,31,NA,NA,NA,NA,NA,NA,NA,NA,NA,NA,NA,17,NA,3,NA,NA,NA,NA,NA,NA,37,55,NA,NA,NA,NA,NA,NA,NA,NA,NA,1,1,NA,NA,NA,NA,1111,7,NA,NA,NA,NA,43,NA,NA,15,NA,NA,NA,53
69,"ACCESS-ESM1-5","ssp245","ensembleMean","2061_2080",45,NA,NA,NA,NA,NA,NA,NA,NA,552,NA,NA,113,NA,NA,NA,NA,NA,NA,828,NA,93,NA,NA,5,5,NA,NA,NA,NA,NA,8,96,133,6,NA,1922,NA,NA,NA,NA,13,NA,NA,NA,NA,NA,NA,NA,NA,NA,NA,NA,NA,NA,NA,NA,NA,NA,NA,NA,NA,NA,NA,NA,NA,NA,NA,NA,NA,NA,NA,NA,NA,NA,NA,NA,NA,NA,NA,NA,NA,NA,NA,NA,NA,NA,NA,NA,NA,NA,NA,NA,NA,NA,NA,NA,NA,NA,NA,NA,NA,NA,NA,NA,NA,NA,NA,NA,NA,NA,NA,NA,NA,NA,NA,NA,NA,NA,NA,NA,NA,NA,NA,NA,6,NA,NA,9,NA,NA,NA,NA,NA,NA,NA,NA,1,163,NA,NA,NA,NA,NA,NA,56,NA,NA,NA,NA,NA,NA,NA,NA,NA,NA,NA,NA,NA,NA,NA,NA,NA,NA,NA,NA,NA,NA,NA,40,NA,1,NA,5,NA,NA,NA,NA,NA,NA,2,NA,NA,NA,NA,NA,NA,117,NA,NA,NA,NA,NA,NA,NA,NA,NA,NA,NA,NA,NA,NA,NA,NA,NA,NA,NA,NA,NA,NA,NA,NA,NA,NA,NA,NA,NA,NA,NA,NA,NA,NA,NA,NA,NA,NA,1,NA,NA,NA,NA,NA,NA,NA,NA,NA,NA,NA,NA,3
70,"ACCESS-ESM1-5","ssp245","r10i1p1f1","2061_2080",26,NA,NA,NA,NA,NA,NA,NA,NA,535,NA,NA,124,NA,NA,NA,NA,NA,NA,856,NA,200,25,NA,27,3,NA,NA,NA,NA,NA,9,399,46,NA,NA,1824,NA,NA,NA,NA,13,NA,NA,NA,NA,NA,NA,NA,NA,NA,NA,NA,NA,NA,NA,NA,NA,NA,NA,NA,NA,NA,NA,NA,NA,NA,NA,NA,NA,NA,NA,NA,NA,NA,NA,NA,NA,NA,NA,NA,NA,NA,NA,NA,NA,NA,3,NA,NA,NA,NA,NA,NA,NA,NA,NA,NA,NA,NA,NA,NA,NA,NA,NA,NA,NA,NA,NA,NA,NA,NA,NA,NA,NA,NA,NA,NA,NA,NA,NA,NA,NA,NA,NA,90,NA,NA,15,NA,NA,NA,NA,NA,NA,NA,NA,12,269,1,NA,NA,13,NA,NA,105,NA,NA,NA,NA,1,NA,NA,NA,NA,NA,NA,NA,NA,1,NA,NA,NA,NA,NA,NA,NA,NA,5,69,NA,13,NA,5,NA,NA,NA,NA,NA,NA,5,NA,NA,NA,NA,NA,NA,89,NA,NA,NA,NA,NA,NA,NA,NA,NA,NA,NA,NA,NA,NA,NA,NA,NA,NA,NA,NA,NA,NA,8,NA,NA,NA,NA,NA,NA,NA,NA,NA,NA,NA,NA,NA,NA,NA,36,NA,NA,NA,NA,NA,NA,NA,NA,NA,NA,NA,NA,2
71,"ACCESS-ESM1-5","ssp245","r1i1p1f1","2061_2080",42,NA,NA,NA,NA,NA,NA,NA,NA,414,NA,NA,58,NA,NA,NA,NA,NA,NA,757,NA,170,2,NA,6,25,NA,NA,NA,3,NA,6,70,118,7,NA,1899,NA,NA,NA,NA,9,NA,2,NA,NA,NA,1,NA,NA,NA,NA,NA,NA,NA,NA,NA,NA,NA,NA,NA,NA,NA,NA,NA,NA,NA,NA,NA,NA,NA,NA,NA,NA,NA,NA,NA,NA,NA,NA,NA,NA,NA,NA,NA,NA,NA,NA,NA,NA,NA,NA,NA,NA,NA,NA,NA,NA,NA,NA,NA,NA,NA,NA,NA,NA,NA,NA,NA,NA,NA,NA,NA,NA,NA,NA,NA,NA,NA,NA,NA,NA,NA,NA,NA,57,NA,NA,4,NA,NA,NA,NA,NA,NA,NA,NA,NA,268,NA,NA,NA,NA,NA,NA,80,NA,NA,NA,NA,NA,NA,NA,NA,NA,NA,NA,NA,NA,NA,NA,NA,NA,NA,NA,NA,NA,NA,3,46,NA,3,NA,4,NA,NA,NA,NA,NA,NA,7,NA,NA,NA,NA,NA,NA,117,NA,NA,NA,NA,NA,NA,NA,NA,NA,NA,NA,NA,NA,NA,NA,NA,NA,NA,NA,NA,NA,NA,2,NA,NA,NA,NA,NA,NA,NA,NA,NA,NA,NA,NA,NA,NA,NA,20,NA,NA,NA,NA,NA,NA,NA,NA,NA,NA,NA,NA,2
72,"ACCESS-ESM1-5","ssp245","r2i1p1f1","2061_2080",69,NA,NA,NA,NA,NA,NA,NA,NA,892,NA,NA,1487,NA,NA,NA,NA,NA,NA,721,NA,28,NA,NA,3,1,NA,NA,NA,NA,NA,NA,13,146,9,NA,1345,NA,NA,NA,NA,47,NA,5,NA,NA,NA,NA,NA,NA,NA,NA,NA,NA,NA,NA,NA,NA,NA,NA,NA,NA,NA,NA,NA,NA,NA,NA,NA,NA,NA,NA,NA,NA,NA,NA,NA,NA,NA,NA,NA,NA,NA,NA,NA,NA,NA,NA,NA,NA,NA,NA,NA,NA,NA,NA,NA,NA,NA,NA,NA,NA,NA,NA,NA,NA,NA,NA,NA,NA,NA,NA,NA,NA,NA,NA,NA,NA,NA,NA,NA,NA,NA,NA,NA,1,NA,NA,6,NA,NA,NA,NA,NA,NA,NA,NA,1,63,NA,NA,NA,NA,NA,NA,82,NA,NA,NA,NA,NA,NA,NA,NA,NA,NA,NA,NA,NA,NA,NA,NA,NA,NA,NA,NA,NA,NA,NA,36,NA,NA,NA,5,NA,NA,NA,NA,NA,NA,2,NA,NA,NA,NA,NA,NA,171,NA,NA,NA,NA,NA,NA,NA,NA,NA,NA,NA,NA,NA,NA,NA,NA,NA,NA,NA,NA,NA,NA,NA,NA,NA,NA,NA,NA,NA,NA,NA,NA,NA,NA,NA,NA,NA,NA,NA,NA,NA,NA,NA,NA,NA,NA,NA,NA,NA,NA,NA,9
73,"EC-Earth3","ssp245","ensembleMean","2061_2080",16,NA,NA,NA,NA,NA,NA,NA,NA,112,NA,NA,617,NA,NA,NA,NA,NA,NA,894,NA,757,114,NA,12,7,1,NA,NA,44,NA,20,766,289,51,2,2973,1,NA,NA,NA,61,NA,9,NA,72,NA,1,NA,NA,NA,NA,NA,NA,NA,NA,NA,NA,NA,NA,NA,NA,NA,NA,NA,NA,NA,NA,NA,NA,NA,NA,NA,NA,NA,NA,NA,NA,NA,NA,NA,NA,NA,NA,NA,NA,NA,NA,NA,NA,NA,NA,NA,NA,NA,NA,NA,NA,NA,NA,NA,NA,NA,NA,NA,NA,NA,NA,NA,NA,NA,NA,NA,NA,NA,NA,NA,NA,NA,NA,NA,NA,NA,NA,NA,7,NA,NA,2,NA,NA,NA,NA,NA,NA,NA,NA,NA,254,NA,NA,NA,NA,NA,2,42,NA,NA,NA,NA,NA,NA,NA,NA,NA,NA,NA,NA,NA,8,NA,NA,NA,NA,NA,NA,NA,NA,4,49,NA,4,NA,5,NA,NA,NA,NA,NA,NA,9,NA,NA,NA,NA,NA,1,73,NA,NA,NA,NA,NA,NA,NA,NA,NA,NA,NA,NA,NA,NA,NA,NA,NA,NA,NA,NA,NA,NA,NA,NA,NA,NA,NA,NA,NA,NA,NA,NA,NA,NA,NA,NA,NA,NA,NA,NA,NA,NA,NA,NA,NA,NA,NA,2,NA,NA,NA,3
74,"EC-Earth3","ssp245","r15i1p1f1","2061_2080",14,NA,NA,NA,NA,NA,NA,NA,NA,132,NA,NA,1138,NA,NA,NA,NA,NA,NA,856,NA,827,107,NA,47,8,1,NA,NA,53,NA,20,759,334,50,1,2910,1,NA,NA,NA,68,NA,6,NA,68,NA,1,NA,NA,NA,NA,NA,NA,NA,NA,NA,NA,NA,NA,NA,NA,NA,NA,NA,NA,NA,NA,NA,NA,NA,NA,NA,NA,NA,NA,NA,NA,NA,NA,NA,NA,NA,NA,NA,NA,NA,NA,NA,NA,NA,NA,NA,NA,NA,NA,NA,NA,NA,NA,NA,NA,NA,NA,NA,NA,NA,NA,NA,NA,NA,NA,NA,NA,NA,NA,NA,NA,NA,NA,NA,NA,NA,NA,NA,20,NA,NA,2,NA,NA,NA,NA,NA,NA,NA,NA,NA,218,NA,NA,NA,1,NA,1,45,NA,NA,NA,NA,NA,NA,NA,NA,NA,NA,NA,NA,NA,15,NA,NA,NA,NA,NA,NA,NA,NA,10,64,NA,1,NA,5,NA,NA,NA,NA,NA,NA,6,NA,NA,NA,NA,NA,1,106,NA,NA,NA,NA,NA,NA,NA,NA,NA,NA,NA,NA,1,NA,NA,NA,NA,NA,NA,NA,NA,NA,2,NA,NA,NA,NA,NA,NA,NA,NA,NA,NA,NA,NA,NA,NA,NA,NA,NA,NA,NA,NA,NA,NA,NA,NA,13,NA,NA,NA,5
75,"EC-Earth3","ssp245","r1i1p1f1","2061_2080",13,NA,NA,NA,NA,NA,NA,NA,NA,188,NA,NA,2849,1,NA,NA,NA,NA,NA,816,NA,725,165,NA,16,14,1,NA,NA,40,NA,20,843,360,55,2,2952,NA,NA,1,NA,71,NA,6,NA,102,NA,NA,NA,NA,NA,NA,NA,NA,NA,NA,NA,NA,NA,NA,NA,NA,NA,NA,NA,NA,NA,NA,NA,NA,NA,NA,NA,NA,NA,NA,NA,NA,NA,NA,NA,NA,NA,NA,NA,NA,NA,NA,NA,NA,NA,NA,NA,NA,NA,NA,NA,NA,NA,NA,NA,NA,NA,NA,NA,NA,NA,NA,NA,NA,NA,NA,NA,NA,NA,NA,NA,NA,NA,NA,NA,NA,NA,NA,NA,29,NA,NA,2,NA,NA,NA,NA,NA,NA,NA,NA,NA,293,NA,NA,NA,1,NA,4,59,NA,NA,NA,NA,3,NA,NA,NA,NA,NA,NA,NA,NA,7,NA,NA,NA,NA,NA,NA,NA,NA,8,40,NA,4,NA,3,NA,1,NA,NA,NA,NA,13,NA,NA,NA,NA,NA,1,65,NA,NA,NA,NA,NA,NA,NA,NA,NA,NA,NA,NA,NA,NA,NA,NA,NA,NA,NA,NA,NA,NA,1,NA,NA,NA,NA,NA,NA,NA,NA,NA,NA,NA,NA,NA,NA,NA,146,NA,NA,NA,NA,NA,NA,NA,NA,NA,NA,NA,NA,4
76,"EC-Earth3","ssp245","r4i1p1f1","2061_2080",20,NA,NA,NA,NA,NA,NA,NA,NA,137,NA,NA,932,NA,NA,NA,NA,NA,NA,959,NA,823,41,NA,9,9,NA,NA,NA,49,NA,9,64,322,35,4,2610,4,NA,NA,NA,77,NA,7,NA,30,NA,NA,NA,NA,NA,NA,NA,NA,NA,NA,NA,NA,NA,NA,NA,NA,NA,NA,NA,NA,NA,NA,NA,NA,NA,NA,NA,NA,NA,NA,NA,NA,NA,NA,NA,NA,NA,NA,NA,NA,NA,NA,NA,NA,NA,NA,NA,NA,NA,NA,NA,NA,NA,NA,NA,NA,NA,NA,NA,NA,NA,NA,NA,NA,NA,NA,NA,NA,NA,NA,NA,NA,NA,NA,NA,NA,NA,NA,NA,NA,NA,NA,3,NA,NA,NA,NA,NA,NA,NA,NA,NA,199,NA,NA,NA,NA,NA,2,49,NA,NA,NA,NA,NA,NA,NA,NA,NA,NA,NA,NA,NA,10,NA,NA,NA,NA,NA,NA,NA,NA,5,48,NA,1,NA,5,NA,NA,NA,NA,NA,NA,7,NA,NA,NA,NA,NA,NA,71,1,NA,NA,NA,NA,NA,NA,NA,NA,NA,NA,NA,NA,NA,NA,NA,NA,NA,NA,NA,NA,NA,NA,NA,NA,NA,NA,NA,NA,NA,NA,NA,NA,NA,NA,NA,NA,NA,NA,NA,NA,NA,NA,NA,NA,NA,NA,NA,NA,NA,NA,3
77,"GISS-E2-1-G","ssp245","ensembleMean","2061_2080",812,NA,NA,NA,NA,NA,NA,NA,NA,925,NA,NA,1435,NA,NA,NA,NA,NA,NA,1418,NA,875,234,NA,90,39,1,NA,NA,96,9,20,868,826,162,6,3430,102,NA,NA,NA,291,42,137,NA,132,NA,1,NA,NA,NA,NA,NA,NA,NA,NA,NA,NA,NA,NA,NA,NA,NA,NA,NA,NA,NA,NA,NA,NA,NA,NA,NA,NA,NA,NA,NA,NA,NA,NA,NA,NA,NA,NA,NA,NA,66,53,NA,NA,13,NA,NA,NA,NA,NA,NA,NA,NA,NA,NA,NA,NA,NA,NA,NA,NA,4,NA,NA,NA,NA,NA,NA,NA,NA,NA,NA,NA,NA,NA,NA,NA,NA,NA,317,NA,NA,94,12,NA,NA,NA,NA,NA,NA,NA,3,282,18,NA,11,36,NA,3,244,NA,NA,NA,NA,13,NA,NA,NA,NA,NA,NA,NA,1,34,NA,NA,NA,NA,NA,NA,16,NA,26,108,NA,3,18,29,NA,21,NA,NA,NA,NA,84,NA,NA,NA,NA,NA,NA,366,73,NA,NA,NA,NA,NA,NA,NA,NA,NA,NA,NA,9,NA,NA,NA,NA,NA,NA,NA,NA,3,18,NA,NA,NA,NA,NA,NA,NA,NA,NA,NA,NA,NA,NA,NA,NA,266,NA,NA,NA,NA,NA,NA,NA,NA,NA,NA,NA,NA,23
78,"GISS-E2-1-G","ssp245","r1i1p3f1","2061_2080",657,2,NA,NA,NA,NA,NA,NA,NA,1495,NA,NA,3553,NA,NA,NA,NA,NA,NA,1210,NA,520,12,NA,16,18,1,NA,NA,45,NA,20,122,653,123,7,2743,160,NA,NA,NA,314,23,103,NA,80,NA,NA,NA,NA,NA,NA,NA,NA,NA,NA,NA,NA,NA,NA,NA,NA,NA,NA,NA,NA,NA,NA,NA,NA,NA,NA,NA,NA,NA,NA,NA,6,NA,NA,NA,NA,NA,NA,NA,NA,57,13,NA,NA,NA,NA,NA,NA,NA,NA,NA,NA,NA,NA,NA,NA,NA,NA,NA,NA,NA,1,NA,NA,NA,NA,NA,NA,NA,NA,NA,NA,NA,NA,NA,NA,NA,NA,1,257,NA,NA,86,8,NA,NA,NA,NA,NA,NA,NA,1,150,7,NA,64,4,NA,4,111,NA,NA,NA,NA,12,NA,NA,NA,NA,NA,NA,NA,NA,6,NA,NA,NA,NA,NA,NA,4,NA,NA,68,NA,6,4,4,NA,NA,NA,NA,NA,NA,72,NA,NA,NA,2,NA,4,353,25,NA,NA,NA,NA,NA,NA,NA,NA,NA,NA,NA,NA,NA,NA,NA,NA,NA,NA,NA,NA,4,8,NA,NA,NA,NA,NA,NA,NA,NA,NA,NA,NA,NA,NA,NA,NA,273,NA,NA,NA,NA,NA,NA,NA,NA,NA,NA,4,NA,70
79,"GISS-E2-1-G","ssp245","r2i1p3f1","2061_2080",760,NA,NA,NA,NA,NA,NA,NA,NA,1321,NA,NA,3708,NA,NA,NA,NA,NA,NA,1453,NA,551,269,NA,153,47,1,NA,NA,76,28,22,896,1049,296,NA,3433,247,NA,NA,NA,449,95,149,NA,183,NA,1,NA,NA,NA,NA,NA,NA,NA,NA,NA,NA,NA,NA,NA,NA,NA,NA,NA,NA,NA,NA,NA,NA,NA,NA,NA,NA,NA,NA,NA,NA,NA,NA,NA,NA,NA,NA,NA,NA,89,84,NA,NA,6,NA,NA,NA,NA,NA,NA,NA,NA,NA,NA,NA,NA,NA,NA,NA,NA,4,NA,NA,NA,NA,NA,NA,NA,NA,NA,NA,NA,NA,NA,NA,NA,NA,2,330,NA,NA,121,40,NA,NA,NA,NA,NA,NA,NA,15,324,16,NA,2,39,NA,7,200,NA,NA,NA,NA,24,NA,NA,NA,NA,NA,NA,NA,NA,46,NA,NA,NA,NA,NA,NA,6,NA,35,111,NA,2,36,60,NA,24,NA,NA,NA,1,78,NA,NA,NA,NA,NA,2,422,141,NA,NA,NA,NA,NA,NA,NA,NA,NA,NA,NA,7,NA,NA,NA,NA,NA,NA,NA,NA,3,25,NA,NA,NA,2,NA,NA,NA,NA,NA,NA,NA,NA,NA,NA,NA,457,NA,NA,NA,NA,NA,64,NA,NA,49,NA,3,3,116
80,"GISS-E2-1-G","ssp245","r3i1p3f1","2061_2080",764,NA,NA,NA,NA,NA,NA,NA,NA,449,NA,NA,208,NA,NA,NA,NA,NA,NA,1197,NA,935,170,NA,16,27,1,NA,NA,58,9,18,938,493,44,1,2969,9,NA,NA,NA,127,5,115,NA,17,NA,NA,NA,NA,NA,NA,NA,NA,NA,NA,NA,NA,NA,NA,NA,NA,NA,NA,NA,NA,NA,NA,NA,NA,NA,NA,NA,NA,NA,NA,NA,NA,NA,NA,NA,NA,NA,NA,NA,NA,NA,8,NA,NA,NA,NA,NA,NA,NA,NA,NA,NA,NA,NA,NA,NA,NA,NA,NA,NA,NA,NA,NA,NA,NA,NA,NA,NA,NA,NA,NA,NA,NA,NA,NA,NA,NA,NA,NA,212,3,NA,72,3,NA,NA,NA,NA,NA,NA,NA,NA,205,3,NA,1,9,NA,NA,135,NA,NA,NA,NA,NA,NA,NA,NA,NA,NA,NA,NA,1,12,NA,NA,NA,NA,NA,NA,4,NA,2,46,NA,4,NA,4,NA,NA,NA,NA,NA,NA,53,NA,NA,NA,NA,NA,1,245,2,NA,NA,NA,NA,NA,NA,NA,NA,NA,NA,NA,2,NA,NA,NA,NA,NA,NA,NA,NA,NA,NA,NA,NA,NA,NA,NA,NA,NA,NA,NA,NA,NA,NA,NA,NA,NA,NA,NA,NA,NA,NA,NA,NA,NA,NA,NA,NA,NA,NA,4
81,"MIROC6","ssp245","ensembleMean","2061_2080",452,7,NA,NA,1,NA,NA,NA,NA,1172,NA,NA,5045,54,NA,NA,NA,NA,NA,1365,NA,1150,59,NA,35,38,1,NA,5,84,NA,16,230,954,284,7,2716,252,NA,18,NA,311,63,161,1,137,NA,NA,NA,NA,NA,NA,NA,NA,NA,NA,NA,NA,NA,NA,NA,NA,NA,NA,NA,NA,NA,NA,NA,NA,NA,NA,NA,NA,NA,NA,1,NA,NA,NA,NA,NA,NA,NA,NA,NA,NA,49,NA,NA,1,NA,NA,NA,NA,NA,NA,NA,NA,NA,NA,NA,NA,NA,NA,NA,NA,NA,NA,NA,NA,NA,NA,NA,NA,NA,NA,NA,NA,1,NA,NA,NA,NA,NA,155,NA,NA,151,22,NA,NA,NA,NA,NA,NA,NA,19,316,2,NA,28,43,NA,9,172,NA,NA,NA,4,5,NA,NA,1,NA,NA,NA,NA,1,11,NA,NA,NA,NA,NA,NA,NA,NA,40,105,NA,24,8,43,NA,2,NA,NA,NA,NA,84,NA,NA,NA,NA,1,22,347,62,NA,NA,NA,NA,NA,NA,NA,NA,NA,NA,NA,3,NA,NA,NA,NA,NA,NA,NA,NA,5,53,NA,NA,NA,NA,NA,NA,NA,NA,NA,1,NA,NA,NA,NA,NA,850,5,NA,NA,NA,NA,39,NA,NA,3,NA,NA,NA,63
82,"MIROC6","ssp245","r1i1p1f1","2061_2080",380,NA,NA,NA,1,NA,NA,NA,NA,1033,NA,NA,4677,278,NA,NA,NA,NA,NA,1132,NA,1189,57,NA,26,35,1,NA,2,97,5,19,487,876,291,7,2957,185,NA,NA,NA,121,38,103,2,154,NA,1,NA,NA,NA,NA,NA,NA,NA,NA,NA,NA,NA,NA,NA,NA,NA,NA,NA,NA,NA,NA,NA,NA,NA,NA,NA,NA,NA,NA,NA,NA,NA,NA,NA,NA,NA,NA,NA,NA,NA,63,NA,NA,1,NA,NA,NA,NA,NA,NA,NA,NA,NA,NA,NA,NA,NA,NA,NA,NA,NA,NA,NA,NA,NA,NA,NA,NA,NA,NA,NA,NA,NA,NA,NA,NA,NA,NA,184,NA,NA,73,12,NA,NA,NA,NA,NA,NA,NA,38,308,3,NA,28,35,NA,1,175,NA,NA,NA,6,8,NA,NA,1,NA,NA,NA,NA,2,8,NA,NA,NA,NA,NA,NA,NA,NA,48,97,NA,22,4,48,NA,18,NA,NA,NA,NA,90,NA,NA,NA,NA,1,9,347,13,NA,NA,NA,NA,NA,NA,NA,NA,NA,NA,NA,1,NA,NA,NA,NA,NA,NA,NA,NA,4,47,NA,NA,NA,1,NA,NA,NA,NA,NA,NA,NA,NA,NA,NA,NA,721,NA,NA,NA,NA,NA,1,NA,NA,NA,NA,NA,NA,18
83,"MIROC6","ssp245","r2i1p1f1","2061_2080",486,1,NA,NA,1,NA,NA,NA,NA,977,NA,NA,5281,25,NA,NA,NA,NA,NA,1351,NA,837,34,NA,47,20,1,NA,1,68,NA,8,25,745,269,3,2123,337,1,23,NA,387,58,112,1,56,NA,NA,NA,NA,NA,NA,NA,NA,NA,NA,NA,NA,NA,NA,NA,NA,NA,NA,NA,NA,NA,NA,NA,NA,1,NA,NA,NA,NA,NA,NA,6,NA,NA,NA,NA,NA,NA,NA,NA,NA,48,NA,NA,NA,NA,NA,NA,NA,NA,NA,NA,NA,NA,NA,NA,NA,NA,NA,NA,NA,NA,NA,NA,NA,NA,NA,NA,NA,NA,NA,NA,NA,NA,NA,NA,NA,NA,NA,171,NA,NA,114,13,NA,NA,NA,NA,NA,NA,NA,16,346,4,NA,9,70,NA,16,243,NA,NA,NA,7,9,NA,NA,2,NA,NA,NA,NA,1,10,NA,NA,NA,NA,NA,NA,1,NA,35,112,NA,14,13,38,NA,NA,NA,NA,NA,NA,89,NA,NA,NA,NA,NA,6,269,109,NA,NA,NA,NA,NA,NA,NA,NA,NA,NA,NA,2,NA,NA,NA,NA,NA,NA,NA,NA,15,56,NA,NA,NA,NA,NA,NA,NA,NA,NA,NA,3,NA,NA,NA,NA,976,18,NA,NA,NA,NA,48,NA,NA,NA,NA,NA,NA,83
84,"MIROC6","ssp245","r3i1p1f1","2061_2080",573,1,NA,NA,NA,NA,NA,NA,NA,1231,NA,NA,6148,6,NA,NA,NA,NA,NA,1409,NA,1306,63,NA,36,28,1,NA,6,98,NA,19,375,983,203,6,2770,344,NA,32,NA,368,67,200,1,163,NA,NA,NA,NA,NA,NA,NA,NA,NA,NA,NA,NA,NA,NA,NA,NA,NA,NA,NA,NA,NA,NA,NA,NA,NA,NA,NA,NA,NA,NA,NA,6,NA,NA,NA,NA,NA,NA,NA,NA,1,26,NA,NA,NA,NA,NA,NA,NA,NA,NA,NA,NA,NA,NA,NA,NA,NA,NA,NA,NA,NA,NA,NA,NA,NA,NA,NA,NA,NA,NA,NA,NA,NA,NA,NA,NA,NA,NA,77,NA,NA,301,64,NA,NA,NA,NA,NA,NA,NA,12,287,NA,NA,27,33,NA,9,135,NA,NA,NA,2,1,NA,NA,2,NA,NA,NA,NA,3,16,NA,NA,NA,NA,NA,NA,NA,NA,67,113,NA,24,5,33,NA,8,NA,NA,NA,NA,72,NA,NA,NA,NA,1,70,353,66,NA,NA,NA,NA,NA,NA,NA,NA,NA,NA,NA,6,NA,NA,NA,NA,NA,NA,NA,NA,1,47,NA,NA,NA,NA,NA,NA,NA,NA,NA,NA,NA,NA,NA,NA,NA,709,6,NA,NA,NA,NA,41,NA,NA,13,NA,3,NA,59
85,"MPI-ESM1-2-HR","ssp245","ensembleMean","2061_2080",983,13,NA,NA,1,NA,NA,NA,NA,1682,NA,NA,869,1,NA,NA,NA,NA,NA,1297,NA,964,27,NA,38,27,1,NA,1,94,NA,17,68,682,155,4,2297,142,1,NA,NA,305,22,91,3,67,NA,1,NA,NA,NA,NA,NA,NA,NA,NA,NA,NA,NA,NA,NA,NA,NA,NA,NA,NA,NA,NA,NA,NA,1,NA,NA,NA,NA,NA,NA,22,NA,NA,1,NA,NA,NA,NA,NA,38,70,NA,NA,2,NA,NA,NA,NA,NA,NA,NA,NA,NA,NA,NA,NA,NA,2,NA,NA,3,NA,NA,NA,NA,NA,NA,NA,NA,NA,NA,NA,NA,NA,NA,NA,NA,NA,185,NA,1,220,18,NA,NA,NA,NA,NA,NA,7,56,252,12,1,58,66,NA,5,296,NA,NA,NA,15,14,NA,NA,4,NA,NA,NA,NA,7,14,NA,NA,1,NA,NA,NA,2,NA,32,114,NA,24,22,68,NA,17,NA,NA,NA,NA,121,NA,NA,NA,1,NA,13,300,44,NA,NA,NA,NA,NA,NA,NA,NA,NA,NA,NA,12,NA,NA,NA,NA,NA,NA,NA,NA,36,76,NA,NA,NA,3,NA,NA,NA,NA,NA,NA,NA,NA,NA,NA,NA,851,NA,NA,NA,NA,NA,15,NA,NA,NA,NA,7,NA,52
86,"MPI-ESM1-2-HR","ssp245","r1i1p1f1","2061_2080",1078,3,NA,NA,8,NA,NA,NA,NA,1345,NA,NA,470,NA,NA,NA,NA,NA,NA,1443,NA,814,5,NA,25,10,1,NA,3,67,NA,14,38,540,174,3,1944,252,NA,NA,NA,329,23,60,1,44,NA,1,NA,NA,NA,NA,NA,NA,NA,5,NA,NA,NA,NA,NA,NA,NA,NA,NA,NA,NA,NA,NA,NA,NA,NA,NA,NA,NA,NA,NA,17,NA,NA,NA,2,NA,NA,NA,NA,48,41,NA,NA,NA,NA,NA,NA,NA,NA,NA,NA,NA,NA,NA,NA,NA,NA,2,NA,NA,3,NA,NA,NA,NA,NA,NA,NA,NA,NA,NA,NA,NA,NA,NA,NA,NA,NA,60,NA,NA,197,23,NA,NA,NA,NA,NA,NA,17,23,170,7,NA,40,34,NA,4,272,NA,NA,NA,6,3,NA,NA,3,NA,NA,NA,NA,1,1,NA,NA,NA,NA,NA,NA,1,NA,26,106,NA,22,2,34,NA,8,NA,NA,NA,NA,117,1,NA,NA,NA,NA,34,349,88,NA,NA,NA,NA,NA,NA,NA,NA,NA,NA,NA,6,NA,1,NA,NA,NA,NA,NA,NA,9,61,NA,NA,NA,5,NA,NA,NA,NA,NA,1,NA,NA,NA,NA,NA,728,2,NA,NA,NA,NA,7,NA,NA,NA,NA,NA,1,55
87,"MPI-ESM1-2-HR","ssp245","r2i1p1f1","2061_2080",932,14,NA,NA,NA,NA,NA,NA,NA,1876,NA,NA,1376,59,NA,NA,NA,NA,NA,1142,2,992,70,NA,69,42,1,NA,1,117,NA,19,114,829,122,4,2587,101,1,NA,NA,290,26,120,1,74,NA,NA,NA,NA,NA,NA,NA,NA,NA,NA,NA,NA,NA,NA,NA,NA,NA,NA,NA,NA,NA,NA,NA,NA,1,NA,NA,NA,NA,NA,2,17,NA,NA,NA,NA,NA,2,NA,NA,25,109,NA,NA,10,NA,NA,NA,NA,NA,NA,NA,NA,NA,NA,NA,NA,NA,NA,NA,NA,NA,NA,NA,NA,NA,NA,NA,NA,NA,NA,NA,NA,NA,NA,NA,NA,NA,1,288,NA,1,254,14,NA,NA,NA,NA,NA,NA,3,80,297,15,NA,66,95,NA,3,384,NA,NA,NA,4,22,NA,NA,3,NA,NA,NA,NA,7,47,NA,NA,NA,NA,NA,NA,3,NA,52,114,NA,13,69,80,NA,44,NA,NA,NA,NA,116,NA,NA,NA,2,NA,4,307,16,NA,NA,NA,NA,NA,NA,NA,NA,NA,NA,NA,33,NA,NA,NA,NA,NA,NA,NA,NA,50,64,NA,NA,NA,NA,NA,NA,NA,NA,NA,NA,NA,NA,NA,NA,NA,865,2,NA,NA,NA,NA,10,NA,NA,NA,NA,7,NA,49
88,"MRI-ESM2-0","ssp245","ensembleMean","2061_2080",160,NA,NA,NA,NA,NA,NA,NA,NA,282,NA,NA,1734,NA,NA,NA,NA,NA,NA,1244,NA,700,272,NA,115,38,1,NA,NA,48,2,19,301,727,101,2,3227,61,NA,NA,NA,246,33,59,21,179,NA,1,NA,NA,NA,NA,NA,NA,NA,NA,NA,NA,NA,NA,NA,NA,NA,NA,NA,NA,NA,NA,NA,NA,NA,NA,NA,NA,NA,NA,NA,NA,NA,NA,NA,NA,NA,NA,NA,NA,NA,26,NA,NA,2,NA,NA,NA,NA,NA,NA,NA,NA,NA,NA,NA,NA,NA,NA,NA,NA,NA,NA,NA,NA,NA,NA,NA,NA,NA,NA,NA,NA,NA,NA,NA,NA,NA,NA,252,NA,NA,35,1,NA,NA,NA,NA,NA,NA,NA,1,368,2,NA,NA,29,NA,8,227,NA,NA,NA,NA,16,NA,NA,NA,NA,NA,NA,NA,NA,54,NA,NA,NA,NA,NA,NA,10,NA,28,109,NA,NA,59,11,NA,17,NA,NA,NA,NA,58,NA,NA,NA,NA,NA,NA,140,15,NA,NA,NA,NA,NA,NA,NA,NA,NA,NA,NA,2,NA,NA,NA,NA,NA,NA,NA,NA,30,25,NA,NA,NA,NA,NA,NA,NA,NA,NA,NA,NA,NA,NA,NA,NA,372,NA,NA,NA,NA,NA,NA,NA,NA,NA,NA,NA,NA,17
89,"MRI-ESM2-0","ssp245","r1i1p1f1","2061_2080",160,NA,NA,NA,NA,NA,NA,NA,NA,282,NA,NA,1734,NA,NA,NA,NA,NA,NA,1244,NA,700,272,NA,115,38,1,NA,NA,48,2,19,301,727,101,2,3227,61,NA,NA,NA,246,33,59,21,179,NA,1,NA,NA,NA,NA,NA,NA,NA,NA,NA,NA,NA,NA,NA,NA,NA,NA,NA,NA,NA,NA,NA,NA,NA,NA,NA,NA,NA,NA,NA,NA,NA,NA,NA,NA,NA,NA,NA,NA,NA,26,NA,NA,2,NA,NA,NA,NA,NA,NA,NA,NA,NA,NA,NA,NA,NA,NA,NA,NA,NA,NA,NA,NA,NA,NA,NA,NA,NA,NA,NA,NA,NA,NA,NA,NA,NA,NA,252,NA,NA,35,1,NA,NA,NA,NA,NA,NA,NA,1,368,2,NA,NA,29,NA,8,227,NA,NA,NA,NA,16,NA,NA,NA,NA,NA,NA,NA,NA,54,NA,NA,NA,NA,NA,NA,10,NA,28,109,NA,NA,59,11,NA,17,NA,NA,NA,NA,58,NA,NA,NA,NA,NA,NA,140,15,NA,NA,NA,NA,NA,NA,NA,NA,NA,NA,NA,2,NA,NA,NA,NA,NA,NA,NA,NA,30,25,NA,NA,NA,NA,NA,NA,NA,NA,NA,NA,NA,NA,NA,NA,NA,372,NA,NA,NA,NA,NA,NA,NA,NA,NA,NA,NA,NA,17
90,"ensembleMean","ssp245","ensembleMean","2061_2080",197,NA,NA,NA,NA,NA,NA,NA,NA,559,NA,NA,1173,NA,NA,NA,NA,NA,NA,1103,NA,695,97,NA,31,32,1,NA,NA,40,NA,19,228,525,90,4,2842,32,NA,NA,NA,204,16,33,NA,115,NA,1,NA,NA,NA,NA,NA,NA,NA,NA,NA,NA,NA,NA,NA,NA,NA,NA,NA,NA,NA,NA,NA,NA,NA,NA,NA,NA,NA,NA,NA,NA,NA,NA,NA,NA,NA,NA,NA,NA,NA,12,NA,NA,NA,NA,NA,NA,NA,NA,NA,NA,NA,NA,NA,NA,NA,NA,NA,NA,NA,NA,NA,NA,NA,NA,NA,NA,NA,NA,NA,NA,NA,NA,NA,NA,NA,NA,NA,146,NA,NA,54,1,NA,NA,NA,NA,NA,NA,NA,3,310,2,NA,NA,17,NA,3,169,NA,NA,NA,NA,5,NA,NA,NA,NA,NA,NA,NA,NA,7,NA,NA,NA,NA,NA,NA,3,NA,24,100,NA,13,6,19,NA,3,NA,NA,NA,NA,45,NA,NA,NA,NA,NA,NA,170,8,NA,NA,NA,NA,NA,NA,NA,NA,NA,NA,NA,NA,NA,1,NA,NA,NA,NA,NA,NA,4,27,NA,NA,NA,NA,NA,NA,NA,NA,NA,NA,NA,NA,NA,NA,NA,551,NA,NA,NA,NA,NA,NA,NA,NA,NA,NA,NA,NA,16
91,"ACCESS-ESM1-5","ssp245","ensembleMean","2081_2100",16,NA,NA,NA,NA,NA,NA,NA,NA,278,NA,NA,28,NA,NA,NA,NA,NA,NA,736,NA,13,NA,NA,NA,NA,NA,NA,NA,NA,NA,NA,22,37,NA,NA,1531,NA,NA,NA,NA,2,NA,NA,NA,NA,NA,NA,NA,NA,NA,NA,NA,NA,NA,NA,NA,NA,NA,NA,NA,NA,NA,NA,NA,NA,NA,NA,NA,NA,NA,NA,NA,NA,NA,NA,NA,NA,NA,NA,NA,NA,NA,NA,NA,NA,NA,NA,NA,NA,NA,NA,NA,NA,NA,NA,NA,NA,NA,NA,NA,NA,NA,NA,NA,NA,NA,NA,NA,NA,NA,NA,NA,NA,NA,NA,NA,NA,NA,NA,NA,NA,NA,NA,NA,1,NA,NA,NA,NA,NA,NA,NA,NA,NA,NA,NA,NA,35,NA,NA,NA,NA,NA,NA,6,NA,NA,NA,NA,NA,NA,NA,NA,NA,NA,NA,NA,NA,NA,NA,NA,NA,NA,NA,NA,NA,NA,NA,32,NA,NA,NA,2,NA,NA,NA,NA,NA,NA,NA,NA,NA,NA,NA,NA,NA,67,NA,NA,NA,NA,NA,NA,NA,NA,NA,NA,NA,NA,NA,NA,NA,NA,NA,NA,NA,NA,NA,NA,NA,NA,NA,NA,NA,NA,NA,NA,NA,NA,NA,NA,NA,NA,NA,NA,NA,NA,NA,NA,NA,NA,NA,NA,NA,NA,NA,NA,NA,NA
92,"ACCESS-ESM1-5","ssp245","r10i1p1f1","2081_2100",12,NA,NA,NA,NA,NA,NA,NA,NA,182,NA,NA,NA,NA,NA,NA,NA,NA,NA,828,NA,16,NA,NA,NA,NA,NA,NA,NA,NA,NA,NA,5,34,NA,NA,1131,NA,NA,NA,NA,3,NA,NA,NA,NA,NA,NA,NA,NA,NA,NA,NA,NA,NA,NA,NA,NA,NA,NA,NA,NA,NA,NA,NA,NA,NA,NA,NA,NA,NA,NA,NA,NA,NA,NA,NA,NA,NA,NA,NA,NA,NA,NA,NA,NA,NA,NA,NA,NA,NA,NA,NA,NA,NA,NA,NA,NA,NA,NA,NA,NA,NA,NA,NA,NA,NA,NA,NA,NA,NA,NA,NA,NA,NA,NA,NA,NA,NA,NA,NA,NA,NA,NA,NA,55,NA,NA,NA,NA,NA,NA,NA,NA,NA,NA,NA,1,120,NA,NA,NA,NA,NA,NA,13,NA,NA,NA,NA,NA,NA,NA,NA,NA,NA,NA,NA,NA,NA,NA,NA,NA,NA,NA,NA,NA,NA,NA,30,NA,NA,NA,2,NA,NA,NA,NA,NA,NA,NA,NA,NA,NA,NA,NA,NA,67,NA,NA,NA,NA,NA,NA,NA,NA,NA,NA,NA,NA,NA,NA,NA,NA,NA,NA,NA,NA,NA,NA,NA,NA,NA,NA,NA,NA,NA,NA,NA,NA,NA,NA,NA,NA,NA,NA,NA,NA,NA,NA,NA,NA,NA,NA,NA,NA,NA,NA,NA,NA
93,"ACCESS-ESM1-5","ssp245","r1i1p1f1","2081_2100",6,NA,NA,NA,NA,NA,NA,NA,NA,176,NA,NA,NA,NA,NA,NA,NA,NA,NA,825,NA,40,NA,NA,1,NA,NA,NA,NA,NA,NA,NA,30,21,NA,NA,1433,NA,NA,NA,NA,NA,NA,NA,NA,NA,NA,NA,NA,NA,NA,NA,NA,NA,NA,NA,NA,NA,NA,NA,NA,NA,NA,NA,NA,NA,NA,NA,NA,NA,NA,NA,NA,NA,NA,NA,NA,NA,NA,NA,NA,NA,NA,NA,NA,NA,NA,NA,NA,NA,NA,NA,NA,NA,NA,NA,NA,NA,NA,NA,NA,NA,NA,NA,NA,NA,NA,NA,NA,NA,NA,NA,NA,NA,NA,NA,NA,NA,NA,NA,NA,NA,NA,NA,NA,NA,NA,NA,NA,NA,NA,NA,NA,NA,NA,NA,NA,NA,38,NA,NA,NA,NA,NA,NA,8,NA,NA,NA,NA,NA,NA,NA,NA,NA,NA,NA,NA,NA,NA,NA,NA,NA,NA,NA,NA,NA,NA,NA,37,NA,NA,NA,2,NA,NA,NA,NA,NA,NA,NA,NA,NA,NA,NA,NA,NA,67,NA,NA,NA,NA,NA,NA,NA,NA,NA,NA,NA,NA,NA,NA,NA,NA,NA,NA,NA,NA,NA,NA,NA,NA,NA,NA,NA,NA,NA,NA,NA,NA,NA,NA,NA,NA,NA,NA,NA,NA,NA,NA,NA,NA,NA,NA,NA,NA,NA,NA,NA,NA
94,"ACCESS-ESM1-5","ssp245","r2i1p1f1","2081_2100",18,NA,NA,NA,NA,NA,NA,NA,NA,230,NA,NA,51,NA,NA,NA,NA,NA,NA,644,NA,74,6,NA,8,5,NA,NA,NA,NA,NA,6,136,32,NA,NA,1889,NA,NA,NA,NA,5,NA,NA,NA,NA,NA,NA,NA,NA,NA,NA,NA,NA,NA,NA,NA,NA,NA,NA,NA,NA,NA,NA,NA,NA,NA,NA,NA,NA,NA,NA,NA,NA,NA,NA,NA,NA,NA,NA,NA,NA,NA,NA,NA,NA,NA,NA,NA,NA,NA,NA,NA,NA,NA,NA,NA,NA,NA,NA,NA,NA,NA,NA,NA,NA,NA,NA,NA,NA,NA,NA,NA,NA,NA,NA,NA,NA,NA,NA,NA,NA,NA,NA,NA,62,NA,NA,NA,NA,NA,NA,NA,NA,NA,NA,NA,8,239,NA,NA,NA,NA,NA,NA,37,NA,NA,NA,NA,NA,NA,NA,NA,NA,NA,NA,NA,NA,NA,NA,NA,NA,NA,NA,NA,NA,NA,NA,42,NA,3,NA,2,NA,NA,NA,NA,NA,NA,NA,NA,NA,NA,NA,NA,NA,85,NA,NA,NA,NA,NA,NA,NA,NA,NA,NA,NA,NA,NA,NA,NA,NA,NA,NA,NA,NA,NA,NA,NA,NA,NA,NA,NA,NA,NA,NA,NA,NA,NA,NA,NA,NA,NA,NA,35,NA,NA,NA,NA,NA,NA,NA,NA,NA,NA,NA,NA,1
95,"EC-Earth3","ssp245","ensembleMean","2081_2100",37,NA,NA,NA,NA,NA,NA,NA,NA,47,NA,NA,233,NA,NA,NA,NA,NA,NA,849,NA,468,24,NA,6,1,NA,NA,NA,20,NA,18,397,156,4,NA,2669,NA,NA,NA,NA,28,NA,1,NA,17,NA,NA,NA,NA,NA,NA,NA,NA,NA,NA,NA,NA,NA,NA,NA,NA,NA,NA,NA,NA,NA,NA,NA,NA,NA,NA,NA,NA,NA,NA,NA,NA,NA,NA,NA,NA,NA,NA,NA,NA,NA,NA,NA,NA,NA,NA,NA,NA,NA,NA,NA,NA,NA,NA,NA,NA,NA,NA,NA,NA,NA,NA,NA,NA,NA,NA,NA,NA,NA,NA,NA,NA,NA,NA,NA,NA,NA,NA,NA,NA,NA,NA,NA,NA,NA,NA,NA,NA,NA,NA,NA,NA,192,NA,NA,NA,NA,NA,NA,15,NA,NA,NA,NA,NA,NA,NA,NA,NA,NA,NA,NA,NA,2,NA,NA,NA,NA,NA,NA,NA,NA,NA,36,NA,4,NA,4,NA,NA,NA,NA,NA,NA,NA,NA,NA,NA,NA,NA,NA,60,NA,NA,NA,NA,NA,NA,NA,NA,NA,NA,NA,NA,NA,NA,NA,NA,NA,NA,NA,NA,NA,NA,NA,NA,NA,NA,NA,NA,NA,NA,NA,NA,NA,NA,NA,NA,NA,NA,NA,NA,NA,NA,NA,NA,NA,NA,NA,NA,NA,NA,NA,NA
96,"EC-Earth3","ssp245","r15i1p1f1","2081_2100",59,NA,NA,NA,NA,NA,NA,NA,NA,151,NA,NA,402,NA,NA,NA,NA,NA,NA,855,NA,458,6,NA,5,NA,NA,NA,NA,10,NA,17,344,148,3,1,2720,NA,NA,NA,NA,25,NA,8,NA,8,NA,NA,NA,NA,NA,NA,NA,NA,NA,NA,NA,NA,NA,NA,NA,NA,NA,NA,NA,NA,NA,NA,NA,NA,NA,NA,NA,NA,NA,NA,NA,NA,NA,NA,NA,NA,NA,NA,NA,NA,NA,NA,NA,NA,NA,NA,NA,NA,NA,NA,NA,NA,NA,NA,NA,NA,NA,NA,NA,NA,NA,NA,NA,NA,NA,NA,NA,NA,NA,NA,NA,NA,NA,NA,NA,NA,NA,NA,NA,NA,NA,NA,NA,NA,NA,NA,NA,NA,NA,NA,NA,NA,177,NA,NA,NA,NA,NA,NA,7,NA,NA,NA,NA,NA,NA,NA,NA,NA,NA,NA,NA,NA,2,NA,NA,NA,NA,NA,NA,NA,NA,NA,27,NA,4,NA,5,NA,NA,NA,NA,NA,NA,NA,NA,NA,NA,NA,NA,NA,63,NA,NA,NA,NA,NA,NA,NA,NA,NA,NA,NA,NA,NA,NA,NA,NA,NA,NA,NA,NA,NA,NA,NA,NA,NA,NA,NA,NA,NA,NA,NA,NA,NA,NA,NA,NA,NA,NA,NA,NA,NA,NA,NA,NA,NA,NA,NA,NA,NA,NA,NA,NA
97,"EC-Earth3","ssp245","r1i1p1f1","2081_2100",25,NA,NA,NA,NA,NA,NA,NA,NA,15,NA,NA,280,NA,NA,NA,NA,NA,NA,920,NA,532,3,NA,7,NA,NA,NA,NA,20,NA,15,458,189,3,1,2607,NA,NA,NA,NA,37,NA,5,NA,NA,NA,NA,NA,NA,NA,NA,NA,NA,NA,NA,NA,NA,NA,NA,NA,NA,NA,NA,NA,NA,NA,NA,NA,NA,NA,NA,NA,NA,NA,NA,NA,NA,NA,NA,NA,NA,NA,NA,NA,NA,NA,NA,NA,NA,NA,NA,NA,NA,NA,NA,NA,NA,NA,NA,NA,NA,NA,NA,NA,NA,NA,NA,NA,NA,NA,NA,NA,NA,NA,NA,NA,NA,NA,NA,NA,NA,NA,NA,NA,NA,NA,NA,1,NA,NA,NA,NA,NA,NA,NA,NA,NA,110,NA,NA,NA,NA,NA,1,10,NA,NA,NA,NA,NA,NA,NA,NA,NA,NA,NA,NA,NA,3,NA,NA,NA,NA,NA,NA,NA,NA,NA,33,NA,NA,NA,NA,NA,NA,NA,NA,NA,NA,NA,NA,NA,NA,NA,NA,NA,101,NA,NA,NA,NA,NA,NA,NA,NA,NA,NA,NA,NA,NA,NA,NA,NA,NA,NA,NA,NA,NA,NA,NA,NA,NA,NA,NA,NA,NA,NA,NA,NA,NA,NA,NA,NA,NA,NA,NA,NA,NA,NA,NA,NA,NA,NA,NA,NA,NA,NA,NA,NA
98,"EC-Earth3","ssp245","r4i1p1f1","2081_2100",12,NA,NA,NA,NA,NA,NA,NA,NA,9,NA,NA,376,NA,NA,NA,NA,NA,NA,678,NA,380,7,NA,6,NA,NA,NA,NA,13,NA,10,68,207,1,3,2515,NA,NA,NA,NA,35,NA,NA,NA,1,NA,NA,NA,NA,NA,NA,NA,NA,NA,NA,NA,NA,NA,NA,NA,NA,NA,NA,NA,NA,NA,NA,NA,NA,NA,NA,NA,NA,NA,NA,NA,NA,NA,NA,NA,NA,NA,NA,NA,NA,NA,NA,NA,NA,NA,NA,NA,NA,NA,NA,NA,NA,NA,NA,NA,NA,NA,NA,NA,NA,NA,NA,NA,NA,NA,NA,NA,NA,NA,NA,NA,NA,NA,NA,NA,NA,NA,NA,NA,NA,NA,NA,NA,NA,NA,NA,NA,NA,NA,NA,NA,NA,204,NA,NA,NA,NA,NA,NA,4,NA,NA,NA,NA,NA,NA,NA,NA,NA,NA,NA,NA,NA,NA,NA,NA,NA,NA,NA,NA,NA,NA,NA,21,NA,2,NA,4,NA,NA,NA,NA,NA,NA,NA,NA,NA,NA,NA,NA,NA,14,NA,NA,NA,NA,NA,NA,NA,NA,NA,NA,NA,NA,NA,NA,NA,NA,NA,NA,NA,NA,NA,NA,NA,NA,NA,NA,NA,NA,NA,NA,NA,NA,NA,NA,NA,NA,NA,NA,23,NA,NA,NA,NA,NA,NA,NA,NA,NA,NA,NA,NA,NA
99,"GISS-E2-1-G","ssp245","ensembleMean","2081_2100",494,NA,NA,NA,NA,NA,NA,NA,NA,679,NA,NA,765,NA,NA,NA,NA,NA,NA,1348,NA,647,174,NA,85,32,1,NA,NA,29,1,20,560,613,103,3,3397,72,NA,NA,NA,199,27,59,NA,107,NA,NA,NA,NA,NA,NA,NA,NA,NA,NA,NA,NA,NA,NA,NA,NA,NA,NA,NA,NA,NA,NA,NA,NA,NA,NA,NA,NA,NA,NA,NA,NA,NA,NA,NA,NA,NA,NA,NA,NA,13,43,NA,NA,1,NA,NA,NA,NA,NA,NA,NA,NA,NA,NA,NA,NA,NA,NA,NA,NA,NA,NA,NA,NA,NA,NA,NA,NA,NA,NA,NA,NA,NA,NA,NA,NA,NA,NA,301,NA,NA,47,9,NA,NA,NA,NA,NA,NA,NA,2,329,6,NA,9,31,NA,1,215,NA,NA,NA,NA,14,NA,NA,NA,NA,NA,NA,NA,NA,22,NA,NA,NA,NA,NA,NA,2,NA,35,108,NA,5,30,21,NA,6,NA,NA,NA,NA,51,NA,NA,NA,NA,NA,NA,289,27,NA,NA,NA,NA,NA,NA,NA,NA,NA,NA,NA,1,NA,NA,NA,NA,NA,NA,NA,NA,7,27,NA,NA,NA,NA,NA,NA,NA,NA,NA,NA,NA,NA,NA,NA,NA,268,NA,NA,NA,NA,NA,NA,NA,NA,NA,NA,NA,NA,16
100,"GISS-E2-1-G","ssp245","r1i1p3f1","2081_2100",316,NA,NA,NA,NA,NA,NA,NA,NA,607,NA,NA,296,NA,NA,NA,NA,NA,NA,1218,NA,512,90,NA,38,24,1,NA,NA,17,NA,20,515,320,20,3,3132,6,NA,NA,NA,128,9,22,NA,17,NA,1,NA,NA,NA,NA,NA,NA,NA,NA,NA,NA,NA,NA,NA,NA,NA,NA,NA,NA,NA,NA,NA,NA,NA,NA,NA,NA,NA,NA,NA,NA,NA,NA,NA,NA,NA,NA,NA,NA,NA,19,NA,NA,NA,NA,NA,NA,NA,NA,NA,NA,NA,NA,NA,NA,NA,NA,NA,NA,NA,NA,NA,NA,NA,NA,NA,NA,NA,NA,NA,NA,NA,NA,NA,NA,NA,NA,NA,257,NA,NA,28,5,NA,NA,NA,NA,NA,NA,NA,12,341,1,NA,NA,15,NA,NA,169,NA,NA,NA,NA,10,NA,NA,NA,NA,NA,NA,NA,NA,16,NA,NA,NA,NA,NA,NA,NA,NA,34,77,NA,6,14,9,NA,NA,NA,NA,NA,NA,33,NA,NA,NA,NA,NA,NA,203,5,NA,NA,NA,NA,NA,NA,NA,NA,NA,NA,NA,NA,NA,NA,NA,NA,NA,NA,NA,NA,2,19,NA,NA,NA,NA,NA,NA,NA,NA,NA,NA,NA,NA,NA,NA,NA,221,NA,NA,NA,NA,NA,NA,NA,NA,NA,NA,NA,NA,4
101,"GISS-E2-1-G","ssp245","r2i1p3f1","2081_2100",739,NA,NA,NA,NA,NA,NA,NA,NA,705,NA,NA,1030,NA,NA,NA,NA,NA,NA,1529,NA,518,376,NA,171,47,1,NA,NA,50,22,20,966,951,249,NA,3315,108,NA,NA,NA,304,46,81,14,213,NA,NA,NA,NA,NA,NA,NA,NA,NA,NA,NA,NA,NA,NA,NA,NA,NA,NA,NA,NA,NA,NA,NA,NA,NA,NA,NA,NA,NA,NA,NA,NA,NA,NA,NA,NA,NA,NA,NA,NA,58,88,NA,NA,6,NA,NA,NA,NA,NA,NA,NA,NA,NA,NA,NA,NA,NA,NA,NA,NA,NA,NA,NA,NA,NA,NA,NA,NA,NA,NA,NA,NA,NA,NA,NA,NA,NA,1,342,NA,NA,67,37,NA,NA,NA,NA,NA,NA,NA,5,371,21,NA,NA,60,NA,2,263,NA,NA,NA,NA,35,NA,1,NA,NA,NA,NA,NA,NA,47,NA,NA,NA,NA,NA,NA,4,NA,50,114,NA,3,100,81,NA,35,NA,NA,NA,NA,59,NA,NA,NA,NA,NA,NA,300,91,NA,NA,NA,NA,NA,NA,NA,NA,NA,NA,NA,1,NA,NA,NA,NA,NA,NA,NA,NA,22,38,NA,NA,NA,NA,NA,NA,NA,NA,NA,NA,NA,NA,NA,NA,NA,112,NA,NA,NA,NA,NA,NA,NA,NA,NA,NA,NA,NA,18
102,"GISS-E2-1-G","ssp245","r3i1p3f1","2081_2100",520,1,NA,NA,NA,NA,NA,NA,NA,1119,NA,NA,1007,NA,NA,NA,NA,NA,NA,1240,NA,555,152,NA,92,18,1,NA,NA,35,NA,20,179,529,112,4,3318,118,NA,NA,NA,194,11,42,NA,120,NA,NA,NA,NA,NA,NA,NA,NA,NA,NA,NA,NA,NA,NA,NA,NA,NA,NA,NA,NA,NA,NA,NA,NA,NA,NA,NA,NA,NA,NA,NA,NA,NA,NA,NA,NA,NA,NA,NA,NA,36,37,NA,NA,1,NA,NA,NA,NA,NA,NA,NA,NA,NA,NA,NA,NA,NA,NA,NA,NA,NA,NA,NA,NA,NA,NA,NA,NA,NA,NA,NA,NA,NA,NA,NA,NA,NA,NA,308,NA,NA,34,10,NA,NA,NA,NA,NA,NA,NA,1,307,4,NA,18,30,NA,NA,216,NA,NA,NA,NA,17,NA,NA,NA,NA,NA,NA,NA,NA,34,NA,NA,NA,NA,NA,NA,1,NA,26,109,NA,4,47,15,NA,1,NA,NA,NA,NA,50,NA,NA,NA,NA,NA,NA,323,26,NA,NA,NA,NA,NA,NA,NA,NA,NA,NA,NA,1,NA,NA,NA,NA,NA,NA,NA,NA,3,27,NA,NA,NA,NA,NA,NA,NA,NA,NA,NA,NA,NA,NA,NA,NA,305,NA,NA,NA,NA,NA,NA,NA,NA,NA,NA,NA,NA,24
103,"MIROC6","ssp245","ensembleMean","2081_2100",186,NA,NA,NA,NA,NA,NA,NA,NA,734,NA,NA,808,NA,NA,NA,NA,NA,NA,1177,NA,666,23,NA,20,18,NA,NA,NA,9,NA,9,22,290,37,2,2123,60,NA,NA,NA,105,9,13,NA,29,NA,NA,NA,NA,NA,NA,NA,NA,NA,NA,NA,NA,NA,NA,NA,NA,NA,NA,NA,NA,NA,NA,NA,NA,NA,NA,NA,NA,NA,NA,NA,NA,NA,NA,NA,NA,NA,NA,NA,NA,NA,1,NA,NA,NA,NA,NA,NA,NA,NA,NA,NA,NA,NA,NA,NA,NA,NA,NA,NA,NA,NA,NA,NA,NA,NA,NA,NA,NA,NA,NA,NA,NA,NA,NA,NA,NA,NA,NA,35,NA,NA,53,1,NA,NA,NA,NA,NA,NA,NA,2,293,NA,NA,1,NA,NA,NA,37,NA,NA,NA,2,1,NA,NA,NA,NA,NA,NA,NA,NA,1,NA,NA,NA,NA,NA,NA,NA,NA,28,82,NA,6,NA,17,NA,NA,NA,NA,NA,NA,27,NA,NA,NA,NA,NA,NA,157,7,NA,NA,NA,NA,NA,NA,NA,NA,NA,NA,NA,NA,NA,NA,NA,NA,NA,NA,NA,NA,NA,16,NA,NA,NA,NA,NA,NA,NA,NA,NA,NA,NA,NA,NA,NA,NA,141,NA,NA,NA,NA,NA,NA,NA,NA,NA,NA,NA,NA,6
104,"MIROC6","ssp245","r1i1p1f1","2081_2100",202,1,NA,NA,NA,NA,NA,NA,NA,1238,NA,NA,615,NA,NA,NA,NA,NA,NA,1050,NA,305,1,NA,11,31,NA,NA,NA,2,NA,5,14,301,51,NA,1866,171,NA,NA,NA,142,16,19,NA,15,NA,NA,NA,NA,NA,NA,NA,NA,NA,NA,NA,NA,NA,NA,NA,NA,NA,NA,NA,NA,NA,NA,NA,NA,NA,NA,NA,NA,NA,NA,NA,NA,NA,NA,NA,NA,NA,NA,NA,NA,NA,1,NA,NA,NA,NA,NA,NA,NA,NA,NA,NA,NA,NA,NA,NA,NA,NA,NA,NA,NA,NA,NA,NA,NA,NA,NA,NA,NA,NA,NA,NA,NA,NA,NA,NA,NA,NA,NA,11,NA,NA,59,7,NA,NA,NA,NA,NA,NA,NA,1,275,NA,NA,3,NA,NA,2,66,NA,NA,NA,2,NA,NA,NA,NA,NA,NA,NA,NA,NA,NA,NA,NA,NA,NA,NA,NA,NA,NA,10,73,NA,3,NA,9,NA,NA,NA,NA,NA,NA,29,NA,NA,NA,NA,NA,NA,183,8,NA,NA,NA,NA,NA,NA,NA,NA,NA,NA,NA,NA,NA,NA,NA,NA,NA,NA,NA,NA,NA,16,NA,NA,NA,NA,NA,NA,NA,NA,NA,NA,NA,NA,NA,NA,NA,185,NA,NA,NA,NA,NA,NA,NA,NA,NA,NA,NA,NA,23
105,"MIROC6","ssp245","r2i1p1f1","2081_2100",146,NA,NA,NA,NA,NA,NA,NA,NA,412,NA,NA,1272,NA,NA,NA,NA,NA,NA,1268,NA,923,56,NA,22,16,NA,NA,NA,13,1,16,241,328,53,1,2661,47,NA,NA,NA,127,10,26,NA,55,NA,NA,NA,NA,NA,NA,NA,NA,NA,NA,NA,NA,NA,NA,NA,NA,NA,NA,NA,NA,NA,NA,NA,NA,NA,NA,NA,NA,NA,NA,NA,NA,NA,NA,NA,NA,NA,NA,NA,NA,NA,NA,NA,NA,NA,NA,NA,NA,NA,NA,NA,NA,NA,NA,NA,NA,NA,NA,NA,NA,NA,NA,NA,NA,NA,NA,NA,NA,NA,NA,NA,NA,NA,NA,NA,NA,NA,NA,NA,59,NA,NA,40,1,NA,NA,NA,NA,NA,NA,NA,6,279,NA,NA,NA,2,NA,1,44,NA,NA,NA,2,NA,NA,NA,NA,NA,NA,NA,NA,NA,4,NA,NA,NA,NA,NA,NA,NA,NA,32,89,NA,6,2,10,NA,NA,NA,NA,NA,NA,37,NA,NA,NA,NA,NA,9,184,12,NA,NA,NA,NA,NA,NA,NA,NA,NA,NA,NA,NA,NA,NA,NA,NA,NA,NA,NA,NA,1,15,NA,NA,NA,NA,NA,NA,NA,NA,NA,NA,NA,NA,NA,NA,NA,183,NA,NA,NA,NA,NA,NA,NA,NA,NA,NA,NA,NA,3
106,"MIROC6","ssp245","r3i1p1f1","2081_2100",200,NA,NA,NA,NA,NA,NA,NA,NA,581,NA,NA,852,NA,NA,NA,NA,NA,NA,1040,NA,561,35,NA,32,3,NA,NA,NA,11,NA,6,11,210,9,NA,1610,65,NA,NA,NA,68,NA,8,NA,14,NA,NA,NA,NA,NA,NA,NA,NA,NA,NA,NA,NA,NA,NA,NA,NA,NA,NA,NA,NA,NA,NA,NA,NA,NA,NA,NA,NA,NA,NA,NA,NA,NA,NA,NA,NA,NA,NA,NA,NA,NA,NA,NA,NA,NA,NA,NA,NA,NA,NA,NA,NA,NA,NA,NA,NA,NA,NA,NA,NA,NA,NA,NA,NA,NA,NA,NA,NA,NA,NA,NA,NA,NA,NA,NA,NA,NA,NA,NA,29,NA,NA,36,NA,NA,NA,NA,NA,NA,NA,NA,1,285,NA,NA,2,NA,NA,NA,16,NA,NA,NA,NA,2,NA,NA,NA,NA,NA,NA,NA,NA,4,NA,NA,NA,NA,NA,NA,NA,NA,39,80,NA,6,3,9,NA,NA,NA,NA,NA,NA,20,NA,NA,NA,NA,NA,1,122,3,NA,NA,NA,NA,NA,NA,NA,NA,NA,NA,NA,NA,NA,NA,NA,NA,NA,NA,NA,NA,NA,18,NA,NA,NA,NA,NA,NA,NA,NA,NA,NA,NA,NA,NA,NA,NA,33,NA,NA,NA,NA,NA,NA,NA,NA,NA,NA,NA,NA,3
107,"MPI-ESM1-2-HR","ssp245","ensembleMean","2081_2100",769,1,NA,NA,24,NA,NA,NA,NA,1167,NA,NA,1335,47,NA,NA,NA,NA,NA,1339,NA,1069,197,1,117,46,1,NA,5,111,1,19,93,614,98,6,2598,121,NA,NA,NA,379,80,119,7,169,NA,1,NA,NA,NA,NA,NA,NA,NA,2,NA,NA,NA,NA,NA,NA,NA,NA,NA,NA,NA,NA,NA,NA,1,NA,NA,NA,NA,NA,10,7,NA,NA,NA,NA,NA,6,NA,NA,25,40,NA,NA,NA,NA,NA,NA,NA,NA,NA,NA,NA,NA,NA,NA,NA,NA,NA,NA,NA,NA,NA,NA,NA,NA,NA,NA,NA,NA,NA,NA,NA,NA,NA,NA,NA,NA,3,50,NA,1,362,72,NA,NA,NA,NA,NA,NA,33,96,296,2,1,12,58,NA,9,326,NA,NA,NA,13,NA,NA,NA,12,NA,NA,NA,NA,2,4,NA,NA,3,NA,NA,NA,NA,NA,66,128,NA,37,3,103,NA,38,NA,NA,NA,NA,79,NA,NA,NA,NA,NA,8,223,44,NA,NA,NA,NA,NA,NA,NA,NA,NA,NA,NA,13,NA,NA,NA,NA,NA,NA,NA,NA,2,137,NA,NA,NA,NA,NA,NA,NA,NA,NA,NA,2,NA,NA,NA,NA,1027,9,NA,NA,NA,NA,56,NA,NA,NA,NA,1,NA,66
108,"MPI-ESM1-2-HR","ssp245","r1i1p1f1","2081_2100",895,4,NA,NA,27,1,NA,NA,NA,1915,NA,NA,1652,325,NA,NA,NA,3,NA,1098,NA,1022,132,1,141,49,NA,NA,8,136,NA,17,50,432,97,6,2223,246,NA,14,1,382,120,140,21,191,NA,NA,NA,NA,NA,NA,NA,NA,NA,9,NA,NA,NA,NA,NA,NA,NA,NA,NA,NA,NA,NA,NA,NA,1,NA,NA,NA,NA,NA,8,13,NA,NA,1,NA,NA,4,NA,NA,41,23,NA,NA,1,NA,NA,NA,NA,NA,NA,NA,NA,NA,NA,NA,NA,NA,NA,NA,NA,NA,NA,NA,NA,NA,NA,NA,NA,NA,NA,NA,NA,NA,NA,NA,NA,NA,11,8,NA,NA,375,143,NA,NA,NA,NA,NA,NA,63,130,215,3,NA,10,45,NA,5,400,NA,NA,NA,3,NA,NA,NA,19,NA,NA,NA,NA,2,1,NA,NA,7,NA,NA,NA,NA,1,35,161,NA,36,NA,95,NA,61,NA,NA,NA,NA,82,NA,NA,NA,NA,NA,7,318,47,NA,NA,NA,NA,NA,NA,NA,NA,1,NA,NA,3,NA,NA,NA,NA,NA,NA,NA,NA,NA,145,NA,NA,NA,NA,NA,NA,NA,NA,NA,NA,132,NA,NA,NA,3,1089,56,NA,NA,NA,NA,96,NA,NA,13,NA,7,5,134
109,"MPI-ESM1-2-HR","ssp245","r2i1p1f1","2081_2100",662,NA,NA,NA,1,NA,NA,NA,NA,730,NA,NA,1043,NA,NA,NA,NA,NA,NA,1459,NA,1040,251,NA,109,37,1,NA,NA,61,1,19,244,758,76,5,2860,26,NA,NA,NA,327,32,101,4,125,NA,1,NA,NA,NA,NA,NA,NA,NA,NA,NA,NA,NA,NA,NA,NA,NA,NA,NA,NA,NA,NA,NA,NA,NA,NA,NA,NA,NA,NA,NA,NA,NA,NA,NA,NA,NA,2,NA,NA,13,50,NA,NA,NA,NA,NA,NA,NA,NA,NA,NA,NA,NA,NA,NA,NA,NA,NA,NA,NA,1,NA,NA,NA,NA,NA,NA,NA,NA,NA,NA,NA,NA,NA,NA,NA,NA,NA,107,NA,NA,291,30,NA,NA,NA,NA,NA,NA,15,61,350,2,2,2,77,NA,17,251,NA,NA,NA,4,3,NA,NA,5,NA,NA,NA,NA,2,34,NA,NA,1,NA,NA,NA,NA,NA,114,117,NA,32,10,57,NA,37,NA,NA,NA,NA,83,NA,NA,NA,NA,NA,3,144,41,NA,NA,NA,NA,NA,NA,NA,NA,NA,NA,NA,15,NA,NA,NA,NA,NA,NA,NA,NA,18,102,NA,NA,NA,NA,NA,NA,NA,NA,NA,NA,NA,NA,NA,NA,NA,941,NA,NA,NA,NA,NA,16,NA,NA,NA,NA,NA,NA,25
110,"MRI-ESM2-0","ssp245","ensembleMean","2081_2100",104,NA,NA,NA,NA,NA,NA,NA,NA,183,NA,NA,497,NA,NA,NA,NA,NA,NA,1198,NA,577,51,NA,29,14,1,NA,NA,13,NA,12,47,395,33,6,2873,4,NA,NA,NA,66,3,9,NA,26,NA,1,NA,NA,NA,NA,NA,NA,NA,NA,NA,NA,NA,NA,NA,NA,NA,NA,NA,NA,NA,NA,NA,NA,NA,NA,NA,NA,NA,NA,NA,NA,NA,NA,NA,NA,NA,NA,NA,NA,NA,NA,NA,NA,NA,NA,NA,NA,NA,NA,NA,NA,NA,NA,NA,NA,NA,NA,NA,NA,NA,NA,NA,NA,NA,NA,NA,NA,NA,NA,NA,NA,NA,NA,NA,NA,NA,NA,NA,37,NA,NA,4,NA,NA,NA,NA,NA,NA,NA,NA,NA,284,NA,NA,NA,3,NA,1,46,NA,NA,NA,NA,3,NA,NA,NA,NA,NA,NA,NA,NA,23,NA,NA,NA,NA,NA,NA,NA,NA,NA,47,NA,NA,NA,5,NA,NA,NA,NA,NA,NA,21,NA,NA,NA,NA,NA,NA,120,3,NA,NA,NA,NA,NA,NA,NA,NA,NA,NA,NA,NA,NA,NA,NA,NA,NA,NA,NA,NA,NA,16,NA,NA,NA,NA,NA,NA,NA,NA,NA,NA,NA,NA,NA,NA,NA,25,NA,NA,NA,NA,NA,NA,NA,NA,NA,NA,NA,NA,3
111,"MRI-ESM2-0","ssp245","r1i1p1f1","2081_2100",104,NA,NA,NA,NA,NA,NA,NA,NA,183,NA,NA,497,NA,NA,NA,NA,NA,NA,1198,NA,577,51,NA,29,14,1,NA,NA,13,NA,12,47,395,33,6,2873,4,NA,NA,NA,66,3,9,NA,26,NA,1,NA,NA,NA,NA,NA,NA,NA,NA,NA,NA,NA,NA,NA,NA,NA,NA,NA,NA,NA,NA,NA,NA,NA,NA,NA,NA,NA,NA,NA,NA,NA,NA,NA,NA,NA,NA,NA,NA,NA,NA,NA,NA,NA,NA,NA,NA,NA,NA,NA,NA,NA,NA,NA,NA,NA,NA,NA,NA,NA,NA,NA,NA,NA,NA,NA,NA,NA,NA,NA,NA,NA,NA,NA,NA,NA,NA,NA,37,NA,NA,4,NA,NA,NA,NA,NA,NA,NA,NA,NA,284,NA,NA,NA,3,NA,1,46,NA,NA,NA,NA,3,NA,NA,NA,NA,NA,NA,NA,NA,23,NA,NA,NA,NA,NA,NA,NA,NA,NA,47,NA,NA,NA,5,NA,NA,NA,NA,NA,NA,21,NA,NA,NA,NA,NA,NA,120,3,NA,NA,NA,NA,NA,NA,NA,NA,NA,NA,NA,NA,NA,NA,NA,NA,NA,NA,NA,NA,NA,16,NA,NA,NA,NA,NA,NA,NA,NA,NA,NA,NA,NA,NA,NA,NA,25,NA,NA,NA,NA,NA,NA,NA,NA,NA,NA,NA,NA,3
112,"ensembleMean","ssp245","ensembleMean","2081_2100",101,NA,NA,NA,NA,NA,NA,NA,NA,383,NA,NA,487,NA,NA,NA,NA,NA,NA,1073,NA,483,37,NA,20,25,NA,NA,NA,7,NA,15,74,312,25,3,2526,5,NA,NA,NA,83,3,7,NA,29,NA,NA,NA,NA,NA,NA,NA,NA,NA,NA,NA,NA,NA,NA,NA,NA,NA,NA,NA,NA,NA,NA,NA,NA,NA,NA,NA,NA,NA,NA,NA,NA,NA,NA,NA,NA,NA,NA,NA,NA,NA,NA,NA,NA,NA,NA,NA,NA,NA,NA,NA,NA,NA,NA,NA,NA,NA,NA,NA,NA,NA,NA,NA,NA,NA,NA,NA,NA,NA,NA,NA,NA,NA,NA,NA,NA,NA,NA,NA,70,NA,NA,10,NA,NA,NA,NA,NA,NA,NA,NA,1,302,NA,NA,NA,NA,NA,1,74,NA,NA,NA,1,NA,NA,NA,NA,NA,NA,NA,NA,NA,1,NA,NA,NA,NA,NA,NA,NA,NA,30,79,NA,6,NA,6,NA,NA,NA,NA,NA,NA,17,NA,NA,NA,NA,NA,NA,141,NA,NA,NA,NA,NA,NA,NA,NA,NA,NA,NA,NA,NA,NA,NA,NA,NA,NA,NA,NA,NA,NA,16,NA,NA,NA,NA,NA,NA,NA,NA,NA,NA,NA,NA,NA,NA,NA,121,NA,NA,NA,NA,NA,NA,NA,NA,NA,NA,NA,NA,4
